"REF","TEAM","POSITION","PLAYER","SCORE","WEEK","","","","ALL STAR TEAM OF THE WEEK","","","","","","","","","","","","","","","","","","","","","","","","","","","","","","","","","","","","","","","","","","","","","","","","","","","","","","","","","",""
"1","DECOUPES","QB","J. DANIELS","24.82","WEEK 1","","","","","WEEK 1","","","WEEK 2","","","WEEK 3","","","WEEK 4","","","WEEK 5","","","WEEK 6","","","WEEK 7","","","WEEK 8","","","WEEK 9","","","WEEK 10","","","WEEK 11","","","WEEK 12","","","WEEK 13","","","WEEK 14","","","","","TEAM NAME","","","","","","Position","","Place","Team","Name","Score","Week",""
"2","DECOUPES","RB","C. BROWN","15.20","WEEK 1","","1","QB","QB","J. ALLEN","49.16","EAGLES","L. JACKSON","36.30","MUTTS","J. HURTS","37.94","METAMOOKDAWGS","P. MAHOMES","38.30","KINGS","C. STROUD","40.66","YARDIES","P. MAHOMES","41.28","KINGS","B. NIX","45.26","GREEN","J. LOVE","39.60","YARDIES","S. DARNOLD","39.00","POPEYES","M. STAFFORD","37.60","GREEN","J. ALLEN","50.28","EAGLES","J. HURTS","36.56","METAMOOKDAWGS","P. MAHOMES","40.14","KINGS","J. ALLEN","47.94","EAGLES","","10","DECOUPES","11","3","0","11","","QB","1","1st place","#NAME?","#NAME?","#NAME?","#NAME?","#NAME?"
"3","DECOUPES","RB","B. IRVING","15.90","WEEK 1","","1","RB","RB 1","D. HENRY","32.00","YARDIES","J. TAYLOR","33.00","GREEN","J. TAYLOR","35.50","GREEN","J. JACOBS","33.90","CHAMPS","J. TAYLOR","33.30","GREEN","B. ROBINSON","38.70","GREEN","C. MCCAFFREY","42.50","KINGS","J. TAYLOR","39.60","GREEN","C. MCCAFFREY","38.10","KINGS","J. TAYLOR","54.80","GREEN","C. MCCAFFREY","36.40","KINGS","J. GIBBS","58.90","DECOUPES","B. ROBINSON","33.60","GREEN","J. GIBBS","38.20","DECOUPES","","6","POPEYES","15","5","0","15","","QB","2","2nd place","#NAME?","#NAME?","#NAME?","#NAME?","#NAME?"
"4","DECOUPES","RB","","","WEEK 1","","2","RB","RB 2","B. ROBINSON","26.60","GREEN","D. ACHANE","27.30","POPEYES","J. GIBBS","29.10","CHAMPS","B. ROBINSON","30.80","GREEN","K. WILLIAMS","32.50","CHAMPS","J. JACOBS","33.80","CHAMPS","J. GIBBS","39.50","DECOUPES","B. HALL","37.86","MUTTS","R. DOWDLE","31.60","YARDIES","D. ACHANE","43.70","POPEYES","T. HENDERSON","34.20","POPEYES","C. MCCAFFREY","29.60","KINGS","J. COOK","22.90","MUTTS","R. HARVEY","23.70","METAMOOKDAWGS","","1","GREEN","23","1","0","23","","QB","3","3rd place","#NAME?","#NAME?","#NAME?","#NAME?","#NAME?"
"5","DECOUPES","WR","C. LAMB","19.00","WEEK 1","","1","WR","WR 1","Z. FLOWERS","29.30","YARDIES","A. ST. BROWN","40.40","MUTTS","C. SUTTON","24.80","GREEN","P. NACUA","37.00","POPEYES","E. EGBUKA","32.30","POPEYES","D. LONDON","32.80","SAVAGES","J. CHASE","39.10","SAVAGES","R. RICE","25.70","DECOUPES","D. LONDON","39.80","SAVAGES","D. LONDON","25.40","SAVAGES","G. PICKENS","30.40","EAGLES","J. SMITH-NJIGBA","38.20","METAMOOKDAWGS","A. BROWN","36.20","GREEN","P. NACUA","36.70","POPEYES","","3","SAVAGES","16","9","0","16","","RB","1","1st place","#NAME?","#NAME?","#NAME?","#NAME?","#NAME?"
"6","DECOUPES","WR","J. MEYERS","17.70","WEEK 1","","2","WR","WR 2","D. SAMUEL","25.20","MUTTS","M. NABERS","38.70","EAGLES","G. WILSON","24.40","CHAMPS","A. ST. BROWN","26.00","MUTTS","J. CHASE","30.00","SAVAGES","J. SMITH-NJIGBA","31.20","METAMOOKDAWGS","D. SMITH","34.30","POPEYES","C. DIKE","25.25","YARDIES","D.J. MOORE","25.28","KINGS","J. WILLIAMS","24.90","EAGLES","G. DORTCH","25.10","CHAMPS","W. ROBINSON","31.70","DECOUPES","R. RICE","29.50","DECOUPES","J. SMITH-NJIGBA","28.20","METAMOOKDAWGS","","8","CHAMPS","13","6","0","13","","RB","2","2nd place","#NAME?","#NAME?","#NAME?","#NAME?","#NAME?"
"7","DECOUPES","WR","T. MCLAURIN","4.70","WEEK 1","","3","WR","WR 3","P. NACUA","24.20","POPEYES","J. CHASE","37.50","SAVAGES","P. NACUA","23.90","POPEYES","D. METCALF","24.60","METAMOOKDAWGS","S. DIGGS","25.60","YARDIES","J. CHASE","25.20","SAVAGES","K. ALLEN","29.90","SAVAGES","M. PITTMAN JR.","23.50","CHAMPS","J. SMITH-NJIGBA","23.10","METAMOOKDAWGS","E. EGBUKA","24.50","POPEYES","N. COLLINS","24.20","METAMOOKDAWGS","A. ST. BROWN","30.90","MUTTS","JM. WILLIAMS","28.00","EAGLES","T. HIGGINS","27.20","SAVAGES","","3","METAMOOKDAWGS","16","10","0","16","","RB","3","3rd place","#NAME?","#NAME?","#NAME?","#NAME?","#NAME?"
"8","DECOUPES","WR","","","WEEK 1","","1","TE","TE","B. BOWERS","16.30","YARDIES","J. FERGUSON","16.80","MUTTS","H. HENRY","29.00","KINGS","T. WARREN","18.50","GREEN","J. FERGUSON","23.90","MUTTS","T. MCBRIDE","21.20","SAVAGES","T. MCBRIDE","29.40","SAVAGES","T. KRAFT","34.30","DECOUPES","B. BOWERS","44.40","YARDIES","T. MCBRIDE","28.70","SAVAGES","T. MCBRIDE","28.50","SAVAGES","H. HENRY","25.50","KINGS","B. BOWERS","22.30","YARDIES","H. FANNIN","26.40","POPEYES","","2","YARDIES","17","2","1","16","","WR","1","1st place","#NAME?","#NAME?","#NAME?","#NAME?","#NAME?"
"9","DECOUPES","TE","T. KELCE","12.70","WEEK 1","","1","FLEX","FLEX","J. COOK","22.50","MUTTS","J. COOK","29.60","MUTTS","D. MONTGOMERY","31.60","CHAMPS","G. PICKENS","34.40","EAGLES","R. DOWDLE","36.70","YARDIES","R. DOWDLE","37.90","YARDIES","J. SMITH-NJIGBA","27.30","METAMOOKDAWGS","K. VIDAL","23.00","YARDIES","K. MONANGAI","26.40","GREEN","T. ETIENNE","17.30","SAVAGES","T. MCMILLAN","34.00","GREEN","K. SHAKIR","18.75","KINGS","D. SWIFT","23.60","GREEN","C. WATSON","24.90","EAGLES","","6","MUTTS","15","4","0","15","","WR","2","2nd place","#NAME?","#NAME?","#NAME?","#NAME?","#NAME?"
"10","DECOUPES","FLEX","S. DIGGS","11.70","WEEK 1","","1","D/ST","D/ST","DEN D/ST","31.86","EAGLES","SEA D/ST","30.05","METAMOOKDAWGS","MIN D/ST","54.64","CHAMPS","DET D/ST","36.13","SAVAGES","IND D/ST","26.70","POPEYES","DEN D/ST","33.08","EAGLES","CAR D/ST","29.05","CHAMPS","KC D/ST","20.34","DECOUPES","DET D/ST","23.70","SAVAGES","SEA D/ST","30.35","METAMOOKDAWGS","BAL D/ST","24.83","CHAMPS","CLE D/ST","39.18","POPEYES","NE D/ST","29.87","GREEN","PHI D/ST","37.27","KINGS","","8","EAGLES","13","7","0","13","","WR","3","3rd place","#NAME?","#NAME?","#NAME?","#NAME?","#NAME?"
"11","DECOUPES","D/ST","LAR D/ST","21.68","WEEK 1","","1","K","K","C. BOSWELL","19.00","YARDIES","B. AUBREY","27.00","MUTTS","C. MCLAUGHLIN","23.00","METAMOOKDAWGS","C. MCLAUGHLIN","21.00","METAMOOKDAWGS","C. MCLAUGHLIN","12.00","METAMOOKDAWGS","C. DICKER","17.00","CHAMPS","B. AUBREY","21.00","MUTTS","C. BOSWELL","23.00","YARDIES","K. FAIRBAIRN","17.00","DECOUPES","J. MYERS","15.00","KINGS","W. LUTZ","19.00","EAGLES","A. BORREGALES","19.00","GREEN","J. MYERS","21.00","KINGS","B. AUBREY","29.00","MUTTS","","3","KINGS","16","8","0","16","","TE","1","1st place","#NAME?","#NAME?","#NAME?","#NAME?","#NAME?"
"12","DECOUPES","K","J. ELLIOTT","9.00","WEEK 1","","1","HC","HC","WSH HC","12.30","KINGS","DET HC","27.60","YARDIES","SEA HC","25.20","POPEYES","DEN HC","20.40","METAMOOKDAWGS","IND HC","24.00","KINGS","KC HC","13.00","EAGLES","LAR HC","22.50","GREEN","BUF HC","24.00","MUTTS","LAR HC","18.20","GREEN","SEA HC","21.20","DECOUPES","PIT HC","18.20","CHAMPS","LAR HC","22.20","GREEN","SEA HC","19.80","DECOUPES","LAR HC","25.50","GREEN","","","","","","","","","TE","2","2nd place","#NAME?","#NAME?","#NAME?","#NAME?","#NAME?"
"13","DECOUPES","HC","PHI HC","9.20","WEEK 1","","","","TOTAL","","288.42","","","344.25","","","339.08","","","321.03","","","317.66","","","325.16","","","359.81","","","316.15","","","326.58","","","323.45","","","325.11","","","350.49","","","306.91","","","345.01","","","1","GREEN","23","1","","","","TE","3","3rd place","#NAME?","#NAME?","#NAME?","#NAME?","#NAME?"
"14","DECOUPES","QB","J. DANIELS","25.60","WEEK 2","","","","","","","","","","","","","","","","","","","","","","","","","","","","","","","","","","","","","","","","","","","","","","","","2","YARDIES","17","2","","","","FLEX","1","1st place","#NAME?","#NAME?","#NAME?","#NAME?","#NAME?"
"15","DECOUPES","RB","C. BROWN","10.10","WEEK 2","","","","","","","","","","","","","","","","","","","","","","","","","","","","","","","","","","","","","","","","","","","","","","","","3","KINGS","16","8","","","","FLEX","2","2nd place","#NAME?","#NAME?","#NAME?","#NAME?","#NAME?"
"16","DECOUPES","RB","B. IRVING","19.80","WEEK 2","","","","","","","","","","","","","","","","","","","","","","","","","","","","","","","","","","","","","","","","","","","","","","","","3","SAVAGES","16","9","","","","FLEX","3","3rd place","#NAME?","#NAME?","#NAME?","#NAME?","#NAME?"
"17","DECOUPES","RB","","","WEEK 2","","","","","","","","","","","","","","","","","","","","","","","","","","","","","","","","","","","","","","","","","","","","","","","","3","METAMOOKDAWGS","16","10","","","","D/ST","1","1st place","#NAME?","#NAME?","#NAME?","#NAME?","#NAME?"
"18","DECOUPES","WR","C. LAMB","21.20","WEEK 2","","","","","","","","","","","","","","","","","","","","","","","","","","","","","","","","","","","","","","","","","","","","","","","","6","MUTTS","15","4","","","","D/ST","2","2nd place","#NAME?","#NAME?","#NAME?","#NAME?","#NAME?"
"19","DECOUPES","WR","J. MEYERS","12.80","WEEK 2","","","","","","","","","","","","","","","","","","","","","","","","","","","","","","","","","","","","","","","","","","","","","","","","6","POPEYES","15","5","","","","D/ST","3","3rd place","#NAME?","#NAME?","#NAME?","#NAME?","#NAME?"
"20","DECOUPES","WR","T. MCLAURIN","9.80","WEEK 2","","","","","","","","","","","","","","","","","","","","","","","","","","","","","","","","","","","","","","","","","","","","","","","","8","CHAMPS","13","6","","","","K","1","1st place","#NAME?","#NAME?","#NAME?","#NAME?","#NAME?"
"21","DECOUPES","WR","","","WEEK 2","","","","","","","","","","","","","","","","","","","","","","","","","","","","","","","","","","","","","","","","","","","","","","","","8","EAGLES","13","7","","","","K","2","2nd place","#NAME?","#NAME?","#NAME?","#NAME?","#NAME?"
"22","DECOUPES","TE","T. KELCE","10.10","WEEK 2","","","","","","","","","","","","","","","","","","","","","","","","","","","","","","","","","","","","","","","","","","","","","","","","10","DECOUPES","11","3","","","","K","3","3rd place","#NAME?","#NAME?","#NAME?","#NAME?","#NAME?"
"23","DECOUPES","FLEX","S. DIGGS","7.20","WEEK 2","","","","","","","","","","","","","","","","","","","","","","","","","","","","","","","","","","","","","","","","","","","","","","","","","","","","","","","HC","1","1st place","#NAME?","#NAME?","#NAME?","#NAME?","#NAME?"
"24","DECOUPES","D/ST","BUF D/ST","25.11","WEEK 2","","","","","","","","","","","","","","","","","","","","","","","","","","","","","","","","","","","","","","","","","","","","","","","","","","","","","","","HC","2","2nd place","#NAME?","#NAME?","#NAME?","#NAME?","#NAME?"
"25","DECOUPES","K","J. ELLIOTT","14.00","WEEK 2","","","","","","","","","","","","","","","","","","","","","","","","","","","","","","","","","","","","","","","","","","","","","","","","","","","","","","","HC","3","3rd place","#NAME?","#NAME?","#NAME?","#NAME?","#NAME?"
"26","DECOUPES","HC","LAC HC","10.00","WEEK 2","","","","","","","","","","","","","","","","","","","","","","","","","","","","","","","","","","","","","","","","","","","","","","","","","","","","","","","","","","","","","",""
"27","DECOUPES","QB","D. JONES","20.42","WEEK 3","","","","","","","","","","","","","","","","","","","","","","","","","","","","","","","","","","","","","","","","","","","","","","","","","","","","","","","","","","","","","",""
"28","DECOUPES","RB","C. BROWN","7","WEEK 3","","","","","","","","","","","","","","","","","","","","","","","","","","","","","","","","","","","","","","","","","","","","","","","","","","","","","","","","","","","","","",""
"29","DECOUPES","RB","B. IRVING","16.4","WEEK 3","","","","","","","","","","","","","","","","","","","","","","","","","","","","","","","","","","","","","","","","","","","","","","","","","","","","","","","","","","","","","",""
"30","DECOUPES","RB","","","WEEK 3","","","","","","","","","","","","","","","","","","","","","","","","","","","","","","","","","","","","","","","","","","","","","","","","","","","","","","","","","","","","","",""
"31","DECOUPES","WR","C. LAMB","0","WEEK 3","","","","","","","","","","","","","","","","","","","","","","","","","","","","","","","","","","","","","","","","","","","","","","","","","","","","","","","","","","","","","",""
"32","DECOUPES","WR","J. MEYERS","9.3","WEEK 3","","","","","","","","","","","","","","","","","","","","","","","","","","","","","","","","","","","","","","","","","","","","","","","","","","","","","","","","","","","","","",""
"33","DECOUPES","WR","W. ROBINSON","3.6","WEEK 3","","","","","","","","","","","","","","","","","","","","","","","","","","","","","","","","","","","","","","","","","","","","","","","","","","","","","","","","","","","","","",""
"34","DECOUPES","WR","","","WEEK 3","","","","","","","","","","","","","","","","","","","","","","","","","","","","","","","","","","","","","","","","","","","","","","","","","","","","","","","","","","","","","",""
"35","DECOUPES","TE","T. KELCE","6.6","WEEK 3","","","","","","","","","","","","","","","","","","","","","","","","","","","","","","","","","","","","","","","","","","","","","","","","","","","","","","","","","","","","","",""
"36","DECOUPES","FLEX","T. KRAFT","5.9","WEEK 3","","","","","","","","","","","","","","","","","","","","","","","","","","","","","","","","","","","","","","","","","","","","","","","","","","","","","","","","","","","","","",""
"37","DECOUPES","D/ST","BUF D/ST","10.95","WEEK 3","","","","","","","","","","","","","","","","","","","","","","","","","","","","","","","","","","","","","","","","","","","","","","","","","","","","","","","","","","","","","",""
"38","DECOUPES","K","J. ELLIOTT","3","WEEK 3","","","","","","","","","","","","","","","","","","","","","","","","","","","","","","","","","","","","","","","","","","","","","","","","","","","","","","","","","","","","","",""
"39","DECOUPES","HC","PHI HC","12.9","WEEK 3","","","","","","","","","","","","","","","","","","","","","","","","","","","","","","","","","","","","","","","","","","","","","","","","","","","","","","","","","","","","","",""
"40","DECOUPES","QB","J. FIELDS","32.44","WEEK 4","","","","","","","","","","","","","","","","","","","","","","","","","","","","","","","","","","","","","","","","","","","","","","","","","","","","","","","","","","","","","",""
"41","DECOUPES","RB","B. IRVING","28","WEEK 4","","","","","","","","","","","","","","","","","","","","","","","","","","","","","","","","","","","","","","","","","","","","","","","","","","","","","","","","","","","","","",""
"42","DECOUPES","RB","T. BENSON","11.2","WEEK 4","","","","","","","","","","","","","","","","","","","","","","","","","","","","","","","","","","","","","","","","","","","","","","","","","","","","","","","","","","","","","",""
"43","DECOUPES","RB","","","WEEK 4","","","","","","","","","","","","","","","","","","","","","","","","","","","","","","","","","","","","","","","","","","","","","","","","","","","","","","","","","","","","","",""
"44","DECOUPES","WR","J. MEYERS","7","WEEK 4","","","","","","","","","","","","","","","","","","","","","","","","","","","","","","","","","","","","","","","","","","","","","","","","","","","","","","","","","","","","","",""
"45","DECOUPES","WR","C. GODWIN JR.","5.6","WEEK 4","","","","","","","","","","","","","","","","","","","","","","","","","","","","","","","","","","","","","","","","","","","","","","","","","","","","","","","","","","","","","",""
"46","DECOUPES","WR","D. MOONEY","2.5","WEEK 4","","","","","","","","","","","","","","","","","","","","","","","","","","","","","","","","","","","","","","","","","","","","","","","","","","","","","","","","","","","","","",""
"47","DECOUPES","WR","","","WEEK 4","","","","","","","","","","","","","","","","","","","","","","","","","","","","","","","","","","","","","","","","","","","","","","","","","","","","","","","","","","","","","",""
"48","DECOUPES","TE","T. KRAFT","10.6","WEEK 4","","","","","","","","","","","","","","","","","","","","","","","","","","","","","","","","","","","","","","","","","","","","","","","","","","","","","","","","","","","","","",""
"49","DECOUPES","FLEX","C. BROWN","11.1","WEEK 4","","","","","","","","","","","","","","","","","","","","","","","","","","","","","","","","","","","","","","","","","","","","","","","","","","","","","","","","","","","","","",""
"50","DECOUPES","D/ST","BUF D/ST","18.23","WEEK 4","","","","","","","","","","","","","","","","","","","","","","","","","","","","","","","","","","","","","","","","","","","","","","","","","","","","","","","","","","","","","",""
"51","DECOUPES","K","J. ELLIOTT","7","WEEK 4","","","","","","","","","","","","","","","","","","","","","","","","","","","","","","","","","","","","","","","","","","","","","","","","","","","","","","","","","","","","","",""
"52","DECOUPES","HC","LAC HC","3.4","WEEK 4","","","","","","","","","","","","","","","","","","","","","","","","","","","","","","","","","","","","","","","","","","","","","","","","","","","","","","","","","","","","","",""
"53","DECOUPES","QB","J. FIELDS","34.22","WEEK 5","","","","","","","","","","","","","","","","","","","","","","","","","","","","","","","","","","","","","","","","","","","","","","","","","","","","","","","","","","","","","",""
"54","DECOUPES","RB","W. MARKS","3.1","WEEK 5","","","","","","","","","","","","","","","","","","","","","","","","","","","","","","","","","","","","","","","","","","","","","","","","","","","","","","","","","","","","","",""
"55","DECOUPES","RB","R. WHITE","24.5","WEEK 5","","","","","","","","","","","","","","","","","","","","","","","","","","","","","","","","","","","","","","","","","","","","","","","","","","","","","","","","","","","","","",""
"56","DECOUPES","RB","","","WEEK 5","","","","","","","","","","","","","","","","","","","","","","","","","","","","","","","","","","","","","","","","","","","","","","","","","","","","","","","","","","","","","",""
"57","DECOUPES","WR","J. MEYERS","7.2","WEEK 5","","","","","","","","","","","","","","","","","","","","","","","","","","","","","","","","","","","","","","","","","","","","","","","","","","","","","","","","","","","","","",""
"58","DECOUPES","WR","C. GODWIN JR.","5.6","WEEK 5","","","","","","","","","","","","","","","","","","","","","","","","","","","","","","","","","","","","","","","","","","","","","","","","","","","","","","","","","","","","","",""
"59","DECOUPES","WR","J. TOLBERT","0","WEEK 5","","","","","","","","","","","","","","","","","","","","","","","","","","","","","","","","","","","","","","","","","","","","","","","","","","","","","","","","","","","","","",""
"60","DECOUPES","WR","","","WEEK 5","","","","","","","","","","","","","","","","","","","","","","","","","","","","","","","","","","","","","","","","","","","","","","","","","","","","","","","","","","","","","",""
"61","DECOUPES","TE","T. KELCE","19.1","WEEK 5","","","","","","","","","","","","","","","","","","","","","","","","","","","","","","","","","","","","","","","","","","","","","","","","","","","","","","","","","","","","","",""
"62","DECOUPES","FLEX","C. BROWN","12.6","WEEK 5","","","","","","","","","","","","","","","","","","","","","","","","","","","","","","","","","","","","","","","","","","","","","","","","","","","","","","","","","","","","","",""
"63","DECOUPES","D/ST","LAR D/ST","4.78","WEEK 5","","","","","","","","","","","","","","","","","","","","","","","","","","","","","","","","","","","","","","","","","","","","","","","","","","","","","","","","","","","","","",""
"64","DECOUPES","K","S. SHRADER","2","WEEK 5","","","","","","","","","","","","","","","","","","","","","","","","","","","","","","","","","","","","","","","","","","","","","","","","","","","","","","","","","","","","","",""
"65","DECOUPES","HC","PHI HC","3.1","WEEK 5","","","","","","","","","","","","","","","","","","","","","","","","","","","","","","","","","","","","","","","","","","","","","","","","","","","","","","","","","","","","","",""
"66","DECOUPES","QB","D. PRESCOTT","31.74","WEEK 6","","","","","","","","","","","","","","","","","","","","","","","","","","","","","","","","","","","","","","","","","","","","","","","","","","","","","","","","","","","","","",""
"67","DECOUPES","RB","R. WHITE","19.3","WEEK 6","","","","","","","","","","","","","","","","","","","","","","","","","","","","","","","","","","","","","","","","","","","","","","","","","","","","","","","","","","","","","",""
"68","DECOUPES","RB","J. WARREN","9.4","WEEK 6","","","","","","","","","","","","","","","","","","","","","","","","","","","","","","","","","","","","","","","","","","","","","","","","","","","","","","","","","","","","","",""
"69","DECOUPES","RB","","","WEEK 6","","","","","","","","","","","","","","","","","","","","","","","","","","","","","","","","","","","","","","","","","","","","","","","","","","","","","","","","","","","","","",""
"70","DECOUPES","WR","J. MEYERS","7.9","WEEK 6","","","","","","","","","","","","","","","","","","","","","","","","","","","","","","","","","","","","","","","","","","","","","","","","","","","","","","","","","","","","","",""
"71","DECOUPES","WR","R. SHAHEED","7.85","WEEK 6","","","","","","","","","","","","","","","","","","","","","","","","","","","","","","","","","","","","","","","","","","","","","","","","","","","","","","","","","","","","","",""
"72","DECOUPES","WR","L. MCCAFFREY","16.65","WEEK 6","","","","","","","","","","","","","","","","","","","","","","","","","","","","","","","","","","","","","","","","","","","","","","","","","","","","","","","","","","","","","",""
"73","DECOUPES","WR","","","WEEK 6","","","","","","","","","","","","","","","","","","","","","","","","","","","","","","","","","","","","","","","","","","","","","","","","","","","","","","","","","","","","","",""
"74","DECOUPES","TE","T. KELCE","13.8","WEEK 6","","","","","","","","","","","","","","","","","","","","","","","","","","","","","","","","","","","","","","","","","","","","","","","","","","","","","","","","","","","","","",""
"75","DECOUPES","FLEX","J. GIBBS","9.2","WEEK 6","","","","","","","","","","","","","","","","","","","","","","","","","","","","","","","","","","","","","","","","","","","","","","","","","","","","","","","","","","","","","",""
"76","DECOUPES","D/ST","LAR D/ST","24.25","WEEK 6","","","","","","","","","","","","","","","","","","","","","","","","","","","","","","","","","","","","","","","","","","","","","","","","","","","","","","","","","","","","","",""
"77","DECOUPES","K","M. PRATER","2","WEEK 6","","","","","","","","","","","","","","","","","","","","","","","","","","","","","","","","","","","","","","","","","","","","","","","","","","","","","","","","","","","","","",""
"78","DECOUPES","HC","PHI HC","-0.9","WEEK 6","","","","","","","","","","","","","","","","","","","","","","","","","","","","","","","","","","","","","","","","","","","","","","","","","","","","","","","","","","","","","",""
"79","DECOUPES","QB","D. PRESCOTT","32.16","WEEK 7","","","","","","","","","","","","","","","","","","","","","","","","","","","","","","","","","","","","","","","","","","","","","","","","","","","","","","","","","","","","","",""
"80","DECOUPES","RB","J. GIBBS","39.5","WEEK 7","","","","","","","","","","","","","","","","","","","","","","","","","","","","","","","","","","","","","","","","","","","","","","","","","","","","","","","","","","","","","",""
"81","DECOUPES","RB","J. WARREN","22.4","WEEK 7","","","","","","","","","","","","","","","","","","","","","","","","","","","","","","","","","","","","","","","","","","","","","","","","","","","","","","","","","","","","","",""
"82","DECOUPES","RB","","","WEEK 7","","","","","","","","","","","","","","","","","","","","","","","","","","","","","","","","","","","","","","","","","","","","","","","","","","","","","","","","","","","","","",""
"83","DECOUPES","WR","C. LAMB","23","WEEK 7","","","","","","","","","","","","","","","","","","","","","","","","","","","","","","","","","","","","","","","","","","","","","","","","","","","","","","","","","","","","","",""
"84","DECOUPES","WR","R. RICE","23.2","WEEK 7","","","","","","","","","","","","","","","","","","","","","","","","","","","","","","","","","","","","","","","","","","","","","","","","","","","","","","","","","","","","","",""
"85","DECOUPES","WR","L. MCCAFFREY","10.45","WEEK 7","","","","","","","","","","","","","","","","","","","","","","","","","","","","","","","","","","","","","","","","","","","","","","","","","","","","","","","","","","","","","",""
"86","DECOUPES","WR","","","WEEK 7","","","","","","","","","","","","","","","","","","","","","","","","","","","","","","","","","","","","","","","","","","","","","","","","","","","","","","","","","","","","","",""
"87","DECOUPES","TE","T. KRAFT","16.8","WEEK 7","","","","","","","","","","","","","","","","","","","","","","","","","","","","","","","","","","","","","","","","","","","","","","","","","","","","","","","","","","","","","",""
"88","DECOUPES","FLEX","R. WHITE","9.4","WEEK 7","","","","","","","","","","","","","","","","","","","","","","","","","","","","","","","","","","","","","","","","","","","","","","","","","","","","","","","","","","","","","",""
"89","DECOUPES","D/ST","KC D/ST","15.2","WEEK 7","","","","","","","","","","","","","","","","","","","","","","","","","","","","","","","","","","","","","","","","","","","","","","","","","","","","","","","","","","","","","",""
"90","DECOUPES","K","K. FAIRBURN","8","WEEK 7","","","","","","","","","","","","","","","","","","","","","","","","","","","","","","","","","","","","","","","","","","","","","","","","","","","","","","","","","","","","","",""
"91","DECOUPES","HC","NE HC","15.3","WEEK 7","","","","","","","","","","","","","","","","","","","","","","","","","","","","","","","","","","","","","","","","","","","","","","","","","","","","","","","","","","","","","",""
"92","DECOUPES","QB","D. PRESCOTT","7.02","WEEK 8","","","","","","","","","","","","","","","","","","","","","","","","","","","","","","","","","","","","","","","","","","","","","","","","","","","","","","","","","","","","","",""
"93","DECOUPES","RB","R. WHITE","9.4","WEEK 8","","","","","","","","","","","","","","","","","","","","","","","","","","","","","","","","","","","","","","","","","","","","","","","","","","","","","","","","","","","","","",""
"94","DECOUPES","RB","J. WARREN","10.6","WEEK 8","","","","","","","","","","","","","","","","","","","","","","","","","","","","","","","","","","","","","","","","","","","","","","","","","","","","","","","","","","","","","",""
"95","DECOUPES","RB","","","WEEK 8","","","","","","","","","","","","","","","","","","","","","","","","","","","","","","","","","","","","","","","","","","","","","","","","","","","","","","","","","","","","","",""
"96","DECOUPES","WR","C. LAMB","14.7","WEEK 8","","","","","","","","","","","","","","","","","","","","","","","","","","","","","","","","","","","","","","","","","","","","","","","","","","","","","","","","","","","","","",""
"97","DECOUPES","WR","R. RICE","25.7","WEEK 8","","","","","","","","","","","","","","","","","","","","","","","","","","","","","","","","","","","","","","","","","","","","","","","","","","","","","","","","","","","","","",""
"98","DECOUPES","WR","D. MOONEY","2.1","WEEK 8","","","","","","","","","","","","","","","","","","","","","","","","","","","","","","","","","","","","","","","","","","","","","","","","","","","","","","","","","","","","","",""
"99","DECOUPES","WR","","","WEEK 8","","","","","","","","","","","","","","","","","","","","","","","","","","","","","","","","","","","","","","","","","","","","","","","","","","","","","","","","","","","","","",""
"100","DECOUPES","TE","T. KRAFT","34.3","WEEK 8","","","","","","","","","","","","","","","","","","","","","","","","","","","","","","","","","","","","","","","","","","","","","","","","","","","","","","","","","","","","","",""
"101","DECOUPES","FLEX","A. KAMARA","7.1","WEEK 8","","","","","","","","","","","","","","","","","","","","","","","","","","","","","","","","","","","","","","","","","","","","","","","","","","","","","","","","","","","","","",""
"102","DECOUPES","D/ST","KC D/ST","20.34","WEEK 8","","","","","","","","","","","","","","","","","","","","","","","","","","","","","","","","","","","","","","","","","","","","","","","","","","","","","","","","","","","","","",""
"103","DECOUPES","K","K. FAIRBAIRN","14","WEEK 8","","","","","","","","","","","","","","","","","","","","","","","","","","","","","","","","","","","","","","","","","","","","","","","","","","","","","","","","","","","","","",""
"104","DECOUPES","HC","NE HC","15.6","WEEK 8","","","","","","","","","","","","","","","","","","","","","","","","","","","","","","","","","","","","","","","","","","","","","","","","","","","","","","","","","","","","","",""
"105","DECOUPES","QB","D. PRESCOTT","18.8","WEEK 9","","","","","","","","","","","","","","","","","","","","","","","","","","","","","","","","","","","","","","","","","","","","","","","","","","","","","","","","","","","","","",""
"106","DECOUPES","RB","J. GIBBS","6.7","WEEK 9","","","","","","","","","","","","","","","","","","","","","","","","","","","","","","","","","","","","","","","","","","","","","","","","","","","","","","","","","","","","","",""
"107","DECOUPES","RB","J. WARREN","18.5","WEEK 9","","","","","","","","","","","","","","","","","","","","","","","","","","","","","","","","","","","","","","","","","","","","","","","","","","","","","","","","","","","","","",""
"108","DECOUPES","RB","","","WEEK 9","","","","","","","","","","","","","","","","","","","","","","","","","","","","","","","","","","","","","","","","","","","","","","","","","","","","","","","","","","","","","",""
"109","DECOUPES","WR","C. LAMB","15.5","WEEK 9","","","","","","","","","","","","","","","","","","","","","","","","","","","","","","","","","","","","","","","","","","","","","","","","","","","","","","","","","","","","","",""
"110","DECOUPES","WR","R. RICE","18.8","WEEK 9","","","","","","","","","","","","","","","","","","","","","","","","","","","","","","","","","","","","","","","","","","","","","","","","","","","","","","","","","","","","","",""
"111","DECOUPES","WR","K. BOUTTE","0","WEEK 9","","","","","","","","","","","","","","","","","","","","","","","","","","","","","","","","","","","","","","","","","","","","","","","","","","","","","","","","","","","","","",""
"112","DECOUPES","WR","","","WEEK 9","","","","","","","","","","","","","","","","","","","","","","","","","","","","","","","","","","","","","","","","","","","","","","","","","","","","","","","","","","","","","",""
"113","DECOUPES","TE","T. KRAFT","4","WEEK 9","","","","","","","","","","","","","","","","","","","","","","","","","","","","","","","","","","","","","","","","","","","","","","","","","","","","","","","","","","","","","",""
"114","DECOUPES","FLEX","T. TRACY","7.2","WEEK 9","","","","","","","","","","","","","","","","","","","","","","","","","","","","","","","","","","","","","","","","","","","","","","","","","","","","","","","","","","","","","",""
"115","DECOUPES","D/ST","LAR D/ST","13.88","WEEK 9","","","","","","","","","","","","","","","","","","","","","","","","","","","","","","","","","","","","","","","","","","","","","","","","","","","","","","","","","","","","","",""
"116","DECOUPES","K","K. FAIRBAIRN","17","WEEK 9","","","","","","","","","","","","","","","","","","","","","","","","","","","","","","","","","","","","","","","","","","","","","","","","","","","","","","","","","","","","","",""
"117","DECOUPES","HC","LAC HC","11.1","WEEK 9","","","","","","","","","","","","","","","","","","","","","","","","","","","","","","","","","","","","","","","","","","","","","","","","","","","","","","","","","","","","","",""
"118","DECOUPES","QB","J. DART","28.68","WEEK 10","","","","","","","","","","","","","","","","","","","","","","","","","","","","","","","","","","","","","","","","","","","","","","","","","","","","","","","","","","","","","",""
"119","DECOUPES","RB","J. GIBBS","40.7","WEEK 10","","","","","","","","","","","","","","","","","","","","","","","","","","","","","","","","","","","","","","","","","","","","","","","","","","","","","","","","","","","","","",""
"120","DECOUPES","RB","T. TRACY","9.5","WEEK 10","","","","","","","","","","","","","","","","","","","","","","","","","","","","","","","","","","","","","","","","","","","","","","","","","","","","","","","","","","","","","",""
"121","DECOUPES","RB","","","WEEK 10","","","","","","","","","","","","","","","","","","","","","","","","","","","","","","","","","","","","","","","","","","","","","","","","","","","","","","","","","","","","","",""
"122","DECOUPES","WR","W. ROBINSON","12.2","WEEK 10","","","","","","","","","","","","","","","","","","","","","","","","","","","","","","","","","","","","","","","","","","","","","","","","","","","","","","","","","","","","","",""
"123","DECOUPES","WR","G. WILSON","0","WEEK 10","","","","","","","","","","","","","","","","","","","","","","","","","","","","","","","","","","","","","","","","","","","","","","","","","","","","","","","","","","","","","",""
"124","DECOUPES","WR","R. DOUBS","2.6","WEEK 10","","","","","","","","","","","","","","","","","","","","","","","","","","","","","","","","","","","","","","","","","","","","","","","","","","","","","","","","","","","","","",""
"125","DECOUPES","WR","","","WEEK 10","","","","","","","","","","","","","","","","","","","","","","","","","","","","","","","","","","","","","","","","","","","","","","","","","","","","","","","","","","","","","",""
"126","DECOUPES","TE","D. KINCAID","5.7","WEEK 10","","","","","","","","","","","","","","","","","","","","","","","","","","","","","","","","","","","","","","","","","","","","","","","","","","","","","","","","","","","","","",""
"127","DECOUPES","FLEX","J. WARREN","12.5","WEEK 10","","","","","","","","","","","","","","","","","","","","","","","","","","","","","","","","","","","","","","","","","","","","","","","","","","","","","","","","","","","","","",""
"128","DECOUPES","D/ST","CLE D/ST","18.5","WEEK 10","","","","","","","","","","","","","","","","","","","","","","","","","","","","","","","","","","","","","","","","","","","","","","","","","","","","","","","","","","","","","",""
"129","DECOUPES","K","W. REICHARD","9","WEEK 10","","","","","","","","","","","","","","","","","","","","","","","","","","","","","","","","","","","","","","","","","","","","","","","","","","","","","","","","","","","","","",""
"130","DECOUPES","HC","SEA HC","21.2","WEEK 10","","","","","","","","","","","","","","","","","","","","","","","","","","","","","","","","","","","","","","","","","","","","","","","","","","","","","","","","","","","","","",""
"144","DECOUPES","QB","D. PRESCOTT","33.76","WEEK 12","","","","","","","","","","","","","","","","","","","","","","","","","","","","","","","","","","","","","","","","","","","","","","","","","","","","","","","","","","","","","",""
"145","DECOUPES","RB","J. GIBBS","58.9","WEEK 12","","","","","","","","","","","","","","","","","","","","","","","","","","","","","","","","","","","","","","","","","","","","","","","","","","","","","","","","","","","","","",""
"146","DECOUPES","RB","J. WARREN","14.6","WEEK 12","","","","","","","","","","","","","","","","","","","","","","","","","","","","","","","","","","","","","","","","","","","","","","","","","","","","","","","","","","","","","",""
"147","DECOUPES","RB","","","WEEK 12","","","","","","","","","","","","","","","","","","","","","","","","","","","","","","","","","","","","","","","","","","","","","","","","","","","","","","","","","","","","","",""
"148","DECOUPES","WR","C. LAMB","11.5","WEEK 12","","","","","","","","","","","","","","","","","","","","","","","","","","","","","","","","","","","","","","","","","","","","","","","","","","","","","","","","","","","","","",""
"149","DECOUPES","WR","R. RICE","25.1","WEEK 12","","","","","","","","","","","","","","","","","","","","","","","","","","","","","","","","","","","","","","","","","","","","","","","","","","","","","","","","","","","","","",""
"150","DECOUPES","WR","W. ROBINSON","31.7","WEEK 12","","","","","","","","","","","","","","","","","","","","","","","","","","","","","","","","","","","","","","","","","","","","","","","","","","","","","","","","","","","","","",""
"151","DECOUPES","WR","","","WEEK 12","","","","","","","","","","","","","","","","","","","","","","","","","","","","","","","","","","","","","","","","","","","","","","","","","","","","","","","","","","","","","",""
"152","DECOUPES","TE","T. KELCE","8.5","WEEK 12","","","","","","","","","","","","","","","","","","","","","","","","","","","","","","","","","","","","","","","","","","","","","","","","","","","","","","","","","","","","","",""
"153","DECOUPES","FLEX","J. MEYERS","15","WEEK 12","","","","","","","","","","","","","","","","","","","","","","","","","","","","","","","","","","","","","","","","","","","","","","","","","","","","","","","","","","","","","",""
"154","DECOUPES","D/ST","JAX D/ST","19.39","WEEK 12","","","","","","","","","","","","","","","","","","","","","","","","","","","","","","","","","","","","","","","","","","","","","","","","","","","","","","","","","","","","","",""
"155","DECOUPES","K","Z. GONZALEZ","17","WEEK 12","","","","","","","","","","","","","","","","","","","","","","","","","","","","","","","","","","","","","","","","","","","","","","","","","","","","","","","","","","","","","",""
"156","DECOUPES","HC","SEA HC","12","WEEK 12","","","","","","","","","","","","","","","","","","","","","","","","","","","","","","","","","","","","","","","","","","","","","","","","","","","","","","","","","","","","","",""
"157","DECOUPES","QB","D. PRESCOTT","28.1","WEEK 13","","","","","","","","","","","","","","","","","","","","","","","","","","","","","","","","","","","","","","","","","","","","","","","","","","","","","","","","","","","","","",""
"158","DECOUPES","RB","J. GIBBS","13.6","WEEK 13","","","","","","","","","","","","","","","","","","","","","","","","","","","","","","","","","","","","","","","","","","","","","","","","","","","","","","","","","","","","","",""
"159","DECOUPES","RB","J. WARREN","13.4","WEEK 13","","","","","","","","","","","","","","","","","","","","","","","","","","","","","","","","","","","","","","","","","","","","","","","","","","","","","","","","","","","","","",""
"160","DECOUPES","RB","","","WEEK 13","","","","","","","","","","","","","","","","","","","","","","","","","","","","","","","","","","","","","","","","","","","","","","","","","","","","","","","","","","","","","",""
"161","DECOUPES","WR","C. LAMB","25.2","WEEK 13","","","","","","","","","","","","","","","","","","","","","","","","","","","","","","","","","","","","","","","","","","","","","","","","","","","","","","","","","","","","","",""
"162","DECOUPES","WR","R. RICE","29.5","WEEK 13","","","","","","","","","","","","","","","","","","","","","","","","","","","","","","","","","","","","","","","","","","","","","","","","","","","","","","","","","","","","","",""
"163","DECOUPES","WR","W. ROBINSON","10.4","WEEK 13","","","","","","","","","","","","","","","","","","","","","","","","","","","","","","","","","","","","","","","","","","","","","","","","","","","","","","","","","","","","","",""
"164","DECOUPES","WR","","","WEEK 13","","","","","","","","","","","","","","","","","","","","","","","","","","","","","","","","","","","","","","","","","","","","","","","","","","","","","","","","","","","","","",""
"165","DECOUPES","TE","T. KELCE","15.5","WEEK 13","","","","","","","","","","","","","","","","","","","","","","","","","","","","","","","","","","","","","","","","","","","","","","","","","","","","","","","","","","","","","",""
"166","DECOUPES","FLEX","J. MEYERS","21.4","WEEK 13","","","","","","","","","","","","","","","","","","","","","","","","","","","","","","","","","","","","","","","","","","","","","","","","","","","","","","","","","","","","","",""
"167","DECOUPES","D/ST","JAX D/ST","25.02","WEEK 13","","","","","","","","","","","","","","","","","","","","","","","","","","","","","","","","","","","","","","","","","","","","","","","","","","","","","","","","","","","","","",""
"168","DECOUPES","K","Z. GONZALEZ","8","WEEK 13","","","","","","","","","","","","","","","","","","","","","","","","","","","","","","","","","","","","","","","","","","","","","","","","","","","","","","","","","","","","","",""
"169","DECOUPES","HC","SEA HC","19.8","WEEK 13","","","","","","","","","","","","","","","","","","","","","","","","","","","","","","","","","","","","","","","","","","","","","","","","","","","","","","","","","","","","","",""
"170","DECOUPES","QB","D. PRESCOTT","23.14","WEEK 14","","","","","","","","","","","","","","","","","","","","","","","","","","","","","","","","","","","","","","","","","","","","","","","","","","","","","","","","","","","","","",""
"171","DECOUPES","RB","B. IRVING","17.6","WEEK 14","","","","","","","","","","","","","","","","","","","","","","","","","","","","","","","","","","","","","","","","","","","","","","","","","","","","","","","","","","","","","",""
"172","DECOUPES","RB","J. GIBBS","38.2","WEEK 14","","","","","","","","","","","","","","","","","","","","","","","","","","","","","","","","","","","","","","","","","","","","","","","","","","","","","","","","","","","","","",""
"173","DECOUPES","RB","","","WEEK 14","","","","","","","","","","","","","","","","","","","","","","","","","","","","","","","","","","","","","","","","","","","","","","","","","","","","","","","","","","","","","",""
"174","DECOUPES","WR","C. LAMB","19.1","WEEK 14","","","","","","","","","","","","","","","","","","","","","","","","","","","","","","","","","","","","","","","","","","","","","","","","","","","","","","","","","","","","","",""
"175","DECOUPES","WR","R. RICE","7.4","WEEK 14","","","","","","","","","","","","","","","","","","","","","","","","","","","","","","","","","","","","","","","","","","","","","","","","","","","","","","","","","","","","","",""
"176","DECOUPES","WR","J. MEYERS","15.1","WEEK 14","","","","","","","","","","","","","","","","","","","","","","","","","","","","","","","","","","","","","","","","","","","","","","","","","","","","","","","","","","","","","",""
"177","DECOUPES","WR","","","WEEK 14","","","","","","","","","","","","","","","","","","","","","","","","","","","","","","","","","","","","","","","","","","","","","","","","","","","","","","","","","","","","","",""
"178","DECOUPES","TE","T. KELCE","1.8","WEEK 14","","","","","","","","","","","","","","","","","","","","","","","","","","","","","","","","","","","","","","","","","","","","","","","","","","","","","","","","","","","","","",""
"179","DECOUPES","FLEX","J. WARREN","16.95","WEEK 14","","","","","","","","","","","","","","","","","","","","","","","","","","","","","","","","","","","","","","","","","","","","","","","","","","","","","","","","","","","","","",""
"180","DECOUPES","D/ST","LAR D/ST","17.88","WEEK 14","","","","","","","","","","","","","","","","","","","","","","","","","","","","","","","","","","","","","","","","","","","","","","","","","","","","","","","","","","","","","",""
"181","DECOUPES","K","Z. GONZALEZ","9","WEEK 14","","","","","","","","","","","","","","","","","","","","","","","","","","","","","","","","","","","","","","","","","","","","","","","","","","","","","","","","","","","","","",""
"182","DECOUPES","HC","SEA HC","23.1","WEEK 14","","","","","","","","","","","","","","","","","","","","","","","","","","","","","","","","","","","","","","","","","","","","","","","","","","","","","","","","","","","","","",""
"183","POPEYES","QB","B. MAYFIELD","29.48","WEEK 1","","","","","","","","","","","","","","","","","","","","","","","","","","","","","","","","","","","","","","","","","","","","","","","","","","","","","","","","","","","","","",""
"184","POPEYES","RB","D. ACHANE","17.2","WEEK 1","","","","","","","","","","","","","","","","","","","","","","","","","","","","","","","","","","","","","","","","","","","","","","","","","","","","","","","","","","","","","",""
"185","POPEYES","RB","T. HENDERSON","13.75","WEEK 1","","","","","","","","","","","","","","","","","","","","","","","","","","","","","","","","","","","","","","","","","","","","","","","","","","","","","","","","","","","","","",""
"186","POPEYES","RB","","","WEEK 1","","","","","","","","","","","","","","","","","","","","","","","","","","","","","","","","","","","","","","","","","","","","","","","","","","","","","","","","","","","","","",""
"187","POPEYES","WR","J. JEFFERSON","14.9","WEEK 1","","","","","","","","","","","","","","","","","","","","","","","","","","","","","","","","","","","","","","","","","","","","","","","","","","","","","","","","","","","","","",""
"188","POPEYES","WR","P. NACUA","24.2","WEEK 1","","","","","","","","","","","","","","","","","","","","","","","","","","","","","","","","","","","","","","","","","","","","","","","","","","","","","","","","","","","","","",""
"189","POPEYES","WR","B. THOMAS JR","9.1","WEEK 1","","","","","","","","","","","","","","","","","","","","","","","","","","","","","","","","","","","","","","","","","","","","","","","","","","","","","","","","","","","","","",""
"190","POPEYES","WR","","","WEEK 1","","","","","","","","","","","","","","","","","","","","","","","","","","","","","","","","","","","","","","","","","","","","","","","","","","","","","","","","","","","","","",""
"191","POPEYES","TE","T. HOCKENSON","4.5","WEEK 1","","","","","","","","","","","","","","","","","","","","","","","","","","","","","","","","","","","","","","","","","","","","","","","","","","","","","","","","","","","","","",""
"192","POPEYES","FLEX","K. WALKER III","6.4","WEEK 1","","","","","","","","","","","","","","","","","","","","","","","","","","","","","","","","","","","","","","","","","","","","","","","","","","","","","","","","","","","","","",""
"193","POPEYES","D/ST","NE D/ST","15.83","WEEK 1","","","","","","","","","","","","","","","","","","","","","","","","","","","","","","","","","","","","","","","","","","","","","","","","","","","","","","","","","","","","","",""
"194","POPEYES","K","T. LOOP","14","WEEK 1","","","","","","","","","","","","","","","","","","","","","","","","","","","","","","","","","","","","","","","","","","","","","","","","","","","","","","","","","","","","","",""
"195","POPEYES","HC","LAR HC","7.2","WEEK 1","","","","","","","","","","","","","","","","","","","","","","","","","","","","","","","","","","","","","","","","","","","","","","","","","","","","","","","","","","","","","",""
"196","POPEYES","QB","B. MAYFIELD","26.6","WEEK 2","","","","","","","","","","","","","","","","","","","","","","","","","","","","","","","","","","","","","","","","","","","","","","","","","","","","","","","","","","","","","",""
"197","POPEYES","RB","D. ACHANE","27.3","WEEK 2","","","","","","","","","","","","","","","","","","","","","","","","","","","","","","","","","","","","","","","","","","","","","","","","","","","","","","","","","","","","","",""
"198","POPEYES","RB","T. HENDERSON","6.3","WEEK 2","","","","","","","","","","","","","","","","","","","","","","","","","","","","","","","","","","","","","","","","","","","","","","","","","","","","","","","","","","","","","",""
"199","POPEYES","RB","","","WEEK 2","","","","","","","","","","","","","","","","","","","","","","","","","","","","","","","","","","","","","","","","","","","","","","","","","","","","","","","","","","","","","",""
"200","POPEYES","WR","J. JEFFERSON","11.1","WEEK 2","","","","","","","","","","","","","","","","","","","","","","","","","","","","","","","","","","","","","","","","","","","","","","","","","","","","","","","","","","","","","",""
"201","POPEYES","WR","P. NACUA","27.7","WEEK 2","","","","","","","","","","","","","","","","","","","","","","","","","","","","","","","","","","","","","","","","","","","","","","","","","","","","","","","","","","","","","",""
"202","POPEYES","WR","B. THOMAS JR","8.9","WEEK 2","","","","","","","","","","","","","","","","","","","","","","","","","","","","","","","","","","","","","","","","","","","","","","","","","","","","","","","","","","","","","",""
"203","POPEYES","WR","","","WEEK 2","","","","","","","","","","","","","","","","","","","","","","","","","","","","","","","","","","","","","","","","","","","","","","","","","","","","","","","","","","","","","",""
"204","POPEYES","TE","T. HOCKENSON","2.2","WEEK 2","","","","","","","","","","","","","","","","","","","","","","","","","","","","","","","","","","","","","","","","","","","","","","","","","","","","","","","","","","","","","",""
"205","POPEYES","FLEX","E. EGBUKA","12.9","WEEK 2","","","","","","","","","","","","","","","","","","","","","","","","","","","","","","","","","","","","","","","","","","","","","","","","","","","","","","","","","","","","","",""
"206","POPEYES","D/ST","IND D/ST","7.32","WEEK 2","","","","","","","","","","","","","","","","","","","","","","","","","","","","","","","","","","","","","","","","","","","","","","","","","","","","","","","","","","","","","",""
"207","POPEYES","K","T. LOOP","12","WEEK 2","","","","","","","","","","","","","","","","","","","","","","","","","","","","","","","","","","","","","","","","","","","","","","","","","","","","","","","","","","","","","",""
"208","POPEYES","HC","LAR HC","13.9","WEEK 2","","","","","","","","","","","","","","","","","","","","","","","","","","","","","","","","","","","","","","","","","","","","","","","","","","","","","","","","","","","","","",""
"209","POPEYES","QB","B. MAYFIELD","21.92","WEEK 3","","","","","","","","","","","","","","","","","","","","","","","","","","","","","","","","","","","","","","","","","","","","","","","","","","","","","","","","","","","","","",""
"210","POPEYES","RB","D. ACHANE","17.3","WEEK 3","","","","","","","","","","","","","","","","","","","","","","","","","","","","","","","","","","","","","","","","","","","","","","","","","","","","","","","","","","","","","",""
"211","POPEYES","RB","K. WALKER III","19.6","WEEK 3","","","","","","","","","","","","","","","","","","","","","","","","","","","","","","","","","","","","","","","","","","","","","","","","","","","","","","","","","","","","","",""
"212","POPEYES","RB","","","WEEK 3","","","","","","","","","","","","","","","","","","","","","","","","","","","","","","","","","","","","","","","","","","","","","","","","","","","","","","","","","","","","","",""
"213","POPEYES","WR","J. JEFFERSON","12.5","WEEK 3","","","","","","","","","","","","","","","","","","","","","","","","","","","","","","","","","","","","","","","","","","","","","","","","","","","","","","","","","","","","","",""
"214","POPEYES","WR","P. NACUA","23.9","WEEK 3","","","","","","","","","","","","","","","","","","","","","","","","","","","","","","","","","","","","","","","","","","","","","","","","","","","","","","","","","","","","","",""
"215","POPEYES","WR","B. THOMAS JR","7.5","WEEK 3","","","","","","","","","","","","","","","","","","","","","","","","","","","","","","","","","","","","","","","","","","","","","","","","","","","","","","","","","","","","","",""
"216","POPEYES","WR","","","WEEK 3","","","","","","","","","","","","","","","","","","","","","","","","","","","","","","","","","","","","","","","","","","","","","","","","","","","","","","","","","","","","","",""
"217","POPEYES","TE","K. PITTS SR","7.9","WEEK 3","","","","","","","","","","","","","","","","","","","","","","","","","","","","","","","","","","","","","","","","","","","","","","","","","","","","","","","","","","","","","",""
"218","POPEYES","FLEX","J. MASON","26.2","WEEK 3","","","","","","","","","","","","","","","","","","","","","","","","","","","","","","","","","","","","","","","","","","","","","","","","","","","","","","","","","","","","","",""
"219","POPEYES","D/ST","IND D/ST","27.2","WEEK 3","","","","","","","","","","","","","","","","","","","","","","","","","","","","","","","","","","","","","","","","","","","","","","","","","","","","","","","","","","","","","",""
"220","POPEYES","K","T. LOOP","7","WEEK 3","","","","","","","","","","","","","","","","","","","","","","","","","","","","","","","","","","","","","","","","","","","","","","","","","","","","","","","","","","","","","",""
"221","POPEYES","HC","SEA HC","25.2","WEEK 3","","","","","","","","","","","","","","","","","","","","","","","","","","","","","","","","","","","","","","","","","","","","","","","","","","","","","","","","","","","","","",""
"222","POPEYES","QB","M. STAFFORD","38.2","WEEK 4","","","","","","","","","","","","","","","","","","","","","","","","","","","","","","","","","","","","","","","","","","","","","","","","","","","","","","","","","","","","","",""
"223","POPEYES","RB","D. ACHANE","19.1","WEEK 4","","","","","","","","","","","","","","","","","","","","","","","","","","","","","","","","","","","","","","","","","","","","","","","","","","","","","","","","","","","","","",""
"224","POPEYES","RB","J. MASON","11.8","WEEK 4","","","","","","","","","","","","","","","","","","","","","","","","","","","","","","","","","","","","","","","","","","","","","","","","","","","","","","","","","","","","","",""
"225","POPEYES","RB","","","WEEK 4","","","","","","","","","","","","","","","","","","","","","","","","","","","","","","","","","","","","","","","","","","","","","","","","","","","","","","","","","","","","","",""
"226","POPEYES","WR","J. JEFFERSON","23.6","WEEK 4","","","","","","","","","","","","","","","","","","","","","","","","","","","","","","","","","","","","","","","","","","","","","","","","","","","","","","","","","","","","","",""
"227","POPEYES","WR","P. NACUA","37","WEEK 4","","","","","","","","","","","","","","","","","","","","","","","","","","","","","","","","","","","","","","","","","","","","","","","","","","","","","","","","","","","","","",""
"228","POPEYES","WR","E. EGBUKA","21.2","WEEK 4","","","","","","","","","","","","","","","","","","","","","","","","","","","","","","","","","","","","","","","","","","","","","","","","","","","","","","","","","","","","","",""
"229","POPEYES","WR","","","WEEK 4","","","","","","","","","","","","","","","","","","","","","","","","","","","","","","","","","","","","","","","","","","","","","","","","","","","","","","","","","","","","","",""
"230","POPEYES","TE","T. HOCKENSON","7.9","WEEK 4","","","","","","","","","","","","","","","","","","","","","","","","","","","","","","","","","","","","","","","","","","","","","","","","","","","","","","","","","","","","","",""
"231","POPEYES","FLEX","K. WALKER III","13.9","WEEK 4","","","","","","","","","","","","","","","","","","","","","","","","","","","","","","","","","","","","","","","","","","","","","","","","","","","","","","","","","","","","","",""
"232","POPEYES","D/ST","NE D/ST","28.76","WEEK 4","","","","","","","","","","","","","","","","","","","","","","","","","","","","","","","","","","","","","","","","","","","","","","","","","","","","","","","","","","","","","",""
"233","POPEYES","K","T. LOOP","9","WEEK 4","","","","","","","","","","","","","","","","","","","","","","","","","","","","","","","","","","","","","","","","","","","","","","","","","","","","","","","","","","","","","",""
"234","POPEYES","HC","SEA HC","8.9","WEEK 4","","","","","","","","","","","","","","","","","","","","","","","","","","","","","","","","","","","","","","","","","","","","","","","","","","","","","","","","","","","","","",""
"235","POPEYES","QB","M. STAFFORD","35.26","WEEK 5","","","","","","","","","","","","","","","","","","","","","","","","","","","","","","","","","","","","","","","","","","","","","","","","","","","","","","","","","","","","","",""
"236","POPEYES","RB","D. ACHANE","17.6","WEEK 5","","","","","","","","","","","","","","","","","","","","","","","","","","","","","","","","","","","","","","","","","","","","","","","","","","","","","","","","","","","","","",""
"237","POPEYES","RB","J. MASON","13.9","WEEK 5","","","","","","","","","","","","","","","","","","","","","","","","","","","","","","","","","","","","","","","","","","","","","","","","","","","","","","","","","","","","","",""
"238","POPEYES","RB","","","WEEK 5","","","","","","","","","","","","","","","","","","","","","","","","","","","","","","","","","","","","","","","","","","","","","","","","","","","","","","","","","","","","","",""
"239","POPEYES","WR","J. JEFFERSON","20.3","WEEK 5","","","","","","","","","","","","","","","","","","","","","","","","","","","","","","","","","","","","","","","","","","","","","","","","","","","","","","","","","","","","","",""
"240","POPEYES","WR","P. NACUA","24.5","WEEK 5","","","","","","","","","","","","","","","","","","","","","","","","","","","","","","","","","","","","","","","","","","","","","","","","","","","","","","","","","","","","","",""
"241","POPEYES","WR","E. EGBUKA","32.3","WEEK 5","","","","","","","","","","","","","","","","","","","","","","","","","","","","","","","","","","","","","","","","","","","","","","","","","","","","","","","","","","","","","",""
"242","POPEYES","WR","","","WEEK 5","","","","","","","","","","","","","","","","","","","","","","","","","","","","","","","","","","","","","","","","","","","","","","","","","","","","","","","","","","","","","",""
"243","POPEYES","TE","T. HOCKENSON","9.8","WEEK 5","","","","","","","","","","","","","","","","","","","","","","","","","","","","","","","","","","","","","","","","","","","","","","","","","","","","","","","","","","","","","",""
"244","POPEYES","FLEX","K. WALKER III","10.6","WEEK 5","","","","","","","","","","","","","","","","","","","","","","","","","","","","","","","","","","","","","","","","","","","","","","","","","","","","","","","","","","","","","",""
"245","POPEYES","D/ST","IND D/ST","26.7","WEEK 5","","","","","","","","","","","","","","","","","","","","","","","","","","","","","","","","","","","","","","","","","","","","","","","","","","","","","","","","","","","","","",""
"246","POPEYES","K","T. LOOP","3","WEEK 5","","","","","","","","","","","","","","","","","","","","","","","","","","","","","","","","","","","","","","","","","","","","","","","","","","","","","","","","","","","","","",""
"247","POPEYES","HC","SEA HC","8.5","WEEK 5","","","","","","","","","","","","","","","","","","","","","","","","","","","","","","","","","","","","","","","","","","","","","","","","","","","","","","","","","","","","","",""
"248","POPEYES","QB","M. STAFFORD","13.34","WEEK 6","","","","","","","","","","","","","","","","","","","","","","","","","","","","","","","","","","","","","","","","","","","","","","","","","","","","","","","","","","","","","",""
"249","POPEYES","RB","D. ACHANE","33.6","WEEK 6","","","","","","","","","","","","","","","","","","","","","","","","","","","","","","","","","","","","","","","","","","","","","","","","","","","","","","","","","","","","","",""
"250","POPEYES","RB","T. HENDERSON","5.5","WEEK 6","","","","","","","","","","","","","","","","","","","","","","","","","","","","","","","","","","","","","","","","","","","","","","","","","","","","","","","","","","","","","",""
"251","POPEYES","RB","","","WEEK 6","","","","","","","","","","","","","","","","","","","","","","","","","","","","","","","","","","","","","","","","","","","","","","","","","","","","","","","","","","","","","",""
"252","POPEYES","WR","P. NACUA","4.8","WEEK 6","","","","","","","","","","","","","","","","","","","","","","","","","","","","","","","","","","","","","","","","","","","","","","","","","","","","","","","","","","","","","",""
"253","POPEYES","WR","E. EGBUKA","4.4","WEEK 6","","","","","","","","","","","","","","","","","","","","","","","","","","","","","","","","","","","","","","","","","","","","","","","","","","","","","","","","","","","","","",""
"254","POPEYES","WR","D. SMITH","8.9","WEEK 6","","","","","","","","","","","","","","","","","","","","","","","","","","","","","","","","","","","","","","","","","","","","","","","","","","","","","","","","","","","","","",""
"255","POPEYES","WR","","","WEEK 6","","","","","","","","","","","","","","","","","","","","","","","","","","","","","","","","","","","","","","","","","","","","","","","","","","","","","","","","","","","","","",""
"256","POPEYES","TE","D. WALLER","9.2","WEEK 6","","","","","","","","","","","","","","","","","","","","","","","","","","","","","","","","","","","","","","","","","","","","","","","","","","","","","","","","","","","","","",""
"257","POPEYES","FLEX","K. WALKER III","5.7","WEEK 6","","","","","","","","","","","","","","","","","","","","","","","","","","","","","","","","","","","","","","","","","","","","","","","","","","","","","","","","","","","","","",""
"258","POPEYES","D/ST","IND D/ST","8.75","WEEK 6","","","","","","","","","","","","","","","","","","","","","","","","","","","","","","","","","","","","","","","","","","","","","","","","","","","","","","","","","","","","","",""
"259","POPEYES","K","J. ELLIOTT","6","WEEK 6","","","","","","","","","","","","","","","","","","","","","","","","","","","","","","","","","","","","","","","","","","","","","","","","","","","","","","","","","","","","","",""
"260","POPEYES","HC","LAC HC","10.7","WEEK 6","","","","","","","","","","","","","","","","","","","","","","","","","","","","","","","","","","","","","","","","","","","","","","","","","","","","","","","","","","","","","",""
"261","POPEYES","QB","B. MAYFIELD","13.52","WEEK 7","","","","","","","","","","","","","","","","","","","","","","","","","","","","","","","","","","","","","","","","","","","","","","","","","","","","","","","","","","","","","",""
"262","POPEYES","RB","D. ACHANE","14.1","WEEK 7","","","","","","","","","","","","","","","","","","","","","","","","","","","","","","","","","","","","","","","","","","","","","","","","","","","","","","","","","","","","","",""
"263","POPEYES","RB","J. MASON","13.2","WEEK 7","","","","","","","","","","","","","","","","","","","","","","","","","","","","","","","","","","","","","","","","","","","","","","","","","","","","","","","","","","","","","",""
"264","POPEYES","RB","","","WEEK 7","","","","","","","","","","","","","","","","","","","","","","","","","","","","","","","","","","","","","","","","","","","","","","","","","","","","","","","","","","","","","",""
"265","POPEYES","WR","J. JEFFERSON","12.9","WEEK 7","","","","","","","","","","","","","","","","","","","","","","","","","","","","","","","","","","","","","","","","","","","","","","","","","","","","","","","","","","","","","",""
"266","POPEYES","WR","B. THOMAS JR.","6.1","WEEK 7","","","","","","","","","","","","","","","","","","","","","","","","","","","","","","","","","","","","","","","","","","","","","","","","","","","","","","","","","","","","","",""
"267","POPEYES","WR","D. SMITH","34.3","WEEK 7","","","","","","","","","","","","","","","","","","","","","","","","","","","","","","","","","","","","","","","","","","","","","","","","","","","","","","","","","","","","","",""
"268","POPEYES","WR","","","WEEK 7","","","","","","","","","","","","","","","","","","","","","","","","","","","","","","","","","","","","","","","","","","","","","","","","","","","","","","","","","","","","","",""
"269","POPEYES","TE","K. PITTS SR.","13.2","WEEK 7","","","","","","","","","","","","","","","","","","","","","","","","","","","","","","","","","","","","","","","","","","","","","","","","","","","","","","","","","","","","","",""
"270","POPEYES","FLEX","K. WALKER III","8.3","WEEK 7","","","","","","","","","","","","","","","","","","","","","","","","","","","","","","","","","","","","","","","","","","","","","","","","","","","","","","","","","","","","","",""
"271","POPEYES","D/ST","NE D/ST","27","WEEK 7","","","","","","","","","","","","","","","","","","","","","","","","","","","","","","","","","","","","","","","","","","","","","","","","","","","","","","","","","","","","","",""
"272","POPEYES","K","J. ELLIOTT","2.5","WEEK 7","","","","","","","","","","","","","","","","","","","","","","","","","","","","","","","","","","","","","","","","","","","","","","","","","","","","","","","","","","","","","",""
"273","POPEYES","HC","CHI HC","11.8","WEEK 7","","","","","","","","","","","","","","","","","","","","","","","","","","","","","","","","","","","","","","","","","","","","","","","","","","","","","","","","","","","","","",""
"274","POPEYES","QB","B. MAYFIELD","5.28","WEEK 8","","","","","","","","","","","","","","","","","","","","","","","","","","","","","","","","","","","","","","","","","","","","","","","","","","","","","","","","","","","","","",""
"275","POPEYES","RB","D. ACHANE","21.9","WEEK 8","","","","","","","","","","","","","","","","","","","","","","","","","","","","","","","","","","","","","","","","","","","","","","","","","","","","","","","","","","","","","",""
"276","POPEYES","RB","J. MASON","2","WEEK 8","","","","","","","","","","","","","","","","","","","","","","","","","","","","","","","","","","","","","","","","","","","","","","","","","","","","","","","","","","","","","",""
"277","POPEYES","RB","","","WEEK 8","","","","","","","","","","","","","","","","","","","","","","","","","","","","","","","","","","","","","","","","","","","","","","","","","","","","","","","","","","","","","",""
"278","POPEYES","WR","J. JEFFERSON","14.4","WEEK 8","","","","","","","","","","","","","","","","","","","","","","","","","","","","","","","","","","","","","","","","","","","","","","","","","","","","","","","","","","","","","",""
"279","POPEYES","WR","E. EGBUKA","6.5","WEEK 8","","","","","","","","","","","","","","","","","","","","","","","","","","","","","","","","","","","","","","","","","","","","","","","","","","","","","","","","","","","","","",""
"280","POPEYES","WR","D. SMITH","14.4","WEEK 8","","","","","","","","","","","","","","","","","","","","","","","","","","","","","","","","","","","","","","","","","","","","","","","","","","","","","","","","","","","","","",""
"281","POPEYES","WR","","","WEEK 8","","","","","","","","","","","","","","","","","","","","","","","","","","","","","","","","","","","","","","","","","","","","","","","","","","","","","","","","","","","","","",""
"282","POPEYES","TE","K. PITTS SR.","14.9","WEEK 8","","","","","","","","","","","","","","","","","","","","","","","","","","","","","","","","","","","","","","","","","","","","","","","","","","","","","","","","","","","","","",""
"283","POPEYES","FLEX","T.J. HOCKENSON","4.6","WEEK 8","","","","","","","","","","","","","","","","","","","","","","","","","","","","","","","","","","","","","","","","","","","","","","","","","","","","","","","","","","","","","",""
"284","POPEYES","D/ST","IND D/ST","16.74","WEEK 8","","","","","","","","","","","","","","","","","","","","","","","","","","","","","","","","","","","","","","","","","","","","","","","","","","","","","","","","","","","","","",""
"285","POPEYES","K","T. LOOP","13","WEEK 8","","","","","","","","","","","","","","","","","","","","","","","","","","","","","","","","","","","","","","","","","","","","","","","","","","","","","","","","","","","","","",""
"286","POPEYES","HC","CHI HC","0.8","WEEK 8","","","","","","","","","","","","","","","","","","","","","","","","","","","","","","","","","","","","","","","","","","","","","","","","","","","","","","","","","","","","","",""
"287","POPEYES","QB","S. DARNOLD","39","WEEK 9","","","","","","","","","","","","","","","","","","","","","","","","","","","","","","","","","","","","","","","","","","","","","","","","","","","","","","","","","","","","","",""
"288","POPEYES","RB","D. ACHANE","18","WEEK 9","","","","","","","","","","","","","","","","","","","","","","","","","","","","","","","","","","","","","","","","","","","","","","","","","","","","","","","","","","","","","",""
"289","POPEYES","RB","B. KNIGHT","7.6","WEEK 9","","","","","","","","","","","","","","","","","","","","","","","","","","","","","","","","","","","","","","","","","","","","","","","","","","","","","","","","","","","","","",""
"290","POPEYES","RB","","","WEEK 9","","","","","","","","","","","","","","","","","","","","","","","","","","","","","","","","","","","","","","","","","","","","","","","","","","","","","","","","","","","","","",""
"291","POPEYES","WR","J. JEFFERSON","16.7","WEEK 9","","","","","","","","","","","","","","","","","","","","","","","","","","","","","","","","","","","","","","","","","","","","","","","","","","","","","","","","","","","","","",""
"292","POPEYES","WR","P. NACUA","22.9","WEEK 9","","","","","","","","","","","","","","","","","","","","","","","","","","","","","","","","","","","","","","","","","","","","","","","","","","","","","","","","","","","","","",""
"293","POPEYES","WR","B. THOMAS","8.5","WEEK 9","","","","","","","","","","","","","","","","","","","","","","","","","","","","","","","","","","","","","","","","","","","","","","","","","","","","","","","","","","","","","",""
"294","POPEYES","WR","","","WEEK 9","","","","","","","","","","","","","","","","","","","","","","","","","","","","","","","","","","","","","","","","","","","","","","","","","","","","","","","","","","","","","",""
"295","POPEYES","TE","K. PITTS","7.8","WEEK 9","","","","","","","","","","","","","","","","","","","","","","","","","","","","","","","","","","","","","","","","","","","","","","","","","","","","","","","","","","","","","",""
"296","POPEYES","FLEX","K. WALKER","9.2","WEEK 9","","","","","","","","","","","","","","","","","","","","","","","","","","","","","","","","","","","","","","","","","","","","","","","","","","","","","","","","","","","","","",""
"297","POPEYES","D/ST","JAX D/ST","12.07","WEEK 9","","","","","","","","","","","","","","","","","","","","","","","","","","","","","","","","","","","","","","","","","","","","","","","","","","","","","","","","","","","","","",""
"298","POPEYES","K","T. LOOP","4","WEEK 9","","","","","","","","","","","","","","","","","","","","","","","","","","","","","","","","","","","","","","","","","","","","","","","","","","","","","","","","","","","","","",""
"299","POPEYES","HC","CHI HC","17.1","WEEK 9","","","","","","","","","","","","","","","","","","","","","","","","","","","","","","","","","","","","","","","","","","","","","","","","","","","","","","","","","","","","","",""
"300","POPEYES","QB","B. MAYFIELD","31.52","WEEK 10","","","","","","","","","","","","","","","","","","","","","","","","","","","","","","","","","","","","","","","","","","","","","","","","","","","","","","","","","","","","","",""
"301","POPEYES","RB","D. ACHANE","43.7","WEEK 10","","","","","","","","","","","","","","","","","","","","","","","","","","","","","","","","","","","","","","","","","","","","","","","","","","","","","","","","","","","","","",""
"302","POPEYES","RB","T. HENDERSON","30.4","WEEK 10","","","","","","","","","","","","","","","","","","","","","","","","","","","","","","","","","","","","","","","","","","","","","","","","","","","","","","","","","","","","","",""
"303","POPEYES","RB","","","WEEK 10","","","","","","","","","","","","","","","","","","","","","","","","","","","","","","","","","","","","","","","","","","","","","","","","","","","","","","","","","","","","","",""
"304","POPEYES","WR","J. JEFFERSON","7.7","WEEK 10","","","","","","","","","","","","","","","","","","","","","","","","","","","","","","","","","","","","","","","","","","","","","","","","","","","","","","","","","","","","","",""
"305","POPEYES","WR","P. NACUA","17.4","WEEK 10","","","","","","","","","","","","","","","","","","","","","","","","","","","","","","","","","","","","","","","","","","","","","","","","","","","","","","","","","","","","","",""
"306","POPEYES","WR","E. EGBUKA","24.5","WEEK 10","","","","","","","","","","","","","","","","","","","","","","","","","","","","","","","","","","","","","","","","","","","","","","","","","","","","","","","","","","","","","",""
"307","POPEYES","WR","","","WEEK 10","","","","","","","","","","","","","","","","","","","","","","","","","","","","","","","","","","","","","","","","","","","","","","","","","","","","","","","","","","","","","",""
"308","POPEYES","TE","K. PITTS","5.8","WEEK 10","","","","","","","","","","","","","","","","","","","","","","","","","","","","","","","","","","","","","","","","","","","","","","","","","","","","","","","","","","","","","",""
"309","POPEYES","FLEX","D. SMITH","16.9","WEEK 10","","","","","","","","","","","","","","","","","","","","","","","","","","","","","","","","","","","","","","","","","","","","","","","","","","","","","","","","","","","","","",""
"310","POPEYES","D/ST","BUF D/ST","6.21","WEEK 10","","","","","","","","","","","","","","","","","","","","","","","","","","","","","","","","","","","","","","","","","","","","","","","","","","","","","","","","","","","","","",""
"311","POPEYES","K","T. LOOP","13","WEEK 10","","","","","","","","","","","","","","","","","","","","","","","","","","","","","","","","","","","","","","","","","","","","","","","","","","","","","","","","","","","","","",""
"312","POPEYES","HC","PHI HC","5","WEEK 10","","","","","","","","","","","","","","","","","","","","","","","","","","","","","","","","","","","","","","","","","","","","","","","","","","","","","","","","","","","","","",""
"326","POPEYES","QB","S. DARNOLD","22.96","WEEK 12","","","","","","","","","","","","","","","","","","","","","","","","","","","","","","","","","","","","","","","","","","","","","","","","","","","","","","","","","","","","","",""
"327","POPEYES","RB","K. WALKER","14.2","WEEK 12","","","","","","","","","","","","","","","","","","","","","","","","","","","","","","","","","","","","","","","","","","","","","","","","","","","","","","","","","","","","","",""
"328","POPEYES","RB","T. HENDERSON","12.9","WEEK 12","","","","","","","","","","","","","","","","","","","","","","","","","","","","","","","","","","","","","","","","","","","","","","","","","","","","","","","","","","","","","",""
"329","POPEYES","RB","","","WEEK 12","","","","","","","","","","","","","","","","","","","","","","","","","","","","","","","","","","","","","","","","","","","","","","","","","","","","","","","","","","","","","",""
"330","POPEYES","WR","J. JEFFERSON","8.8","WEEK 12","","","","","","","","","","","","","","","","","","","","","","","","","","","","","","","","","","","","","","","","","","","","","","","","","","","","","","","","","","","","","",""
"331","POPEYES","WR","P. NACUA","16.7","WEEK 12","","","","","","","","","","","","","","","","","","","","","","","","","","","","","","","","","","","","","","","","","","","","","","","","","","","","","","","","","","","","","",""
"332","POPEYES","WR","E. EGBUKA","6.2","WEEK 12","","","","","","","","","","","","","","","","","","","","","","","","","","","","","","","","","","","","","","","","","","","","","","","","","","","","","","","","","","","","","",""
"333","POPEYES","WR","","","WEEK 12","","","","","","","","","","","","","","","","","","","","","","","","","","","","","","","","","","","","","","","","","","","","","","","","","","","","","","","","","","","","","",""
"334","POPEYES","TE","K. PITTS","4.5","WEEK 12","","","","","","","","","","","","","","","","","","","","","","","","","","","","","","","","","","","","","","","","","","","","","","","","","","","","","","","","","","","","","",""
"335","POPEYES","FLEX","D. SMITH","14.9","WEEK 12","","","","","","","","","","","","","","","","","","","","","","","","","","","","","","","","","","","","","","","","","","","","","","","","","","","","","","","","","","","","","",""
"336","POPEYES","D/ST","CLE D/ST","39.18","WEEK 12","","","","","","","","","","","","","","","","","","","","","","","","","","","","","","","","","","","","","","","","","","","","","","","","","","","","","","","","","","","","","",""
"337","POPEYES","K","T. LOOP","11","WEEK 12","","","","","","","","","","","","","","","","","","","","","","","","","","","","","","","","","","","","","","","","","","","","","","","","","","","","","","","","","","","","","",""
"338","POPEYES","HC","PHI HC","4.3","WEEK 12","","","","","","","","","","","","","","","","","","","","","","","","","","","","","","","","","","","","","","","","","","","","","","","","","","","","","","","","","","","","","",""
"339","POPEYES","QB","S. DARNOLD","3.52","WEEK 13","","","","","","","","","","","","","","","","","","","","","","","","","","","","","","","","","","","","","","","","","","","","","","","","","","","","","","","","","","","","","",""
"340","POPEYES","RB","D. ACHANE","22.6","WEEK 13","","","","","","","","","","","","","","","","","","","","","","","","","","","","","","","","","","","","","","","","","","","","","","","","","","","","","","","","","","","","","",""
"341","POPEYES","RB","T. HENDERSON","12.7","WEEK 13","","","","","","","","","","","","","","","","","","","","","","","","","","","","","","","","","","","","","","","","","","","","","","","","","","","","","","","","","","","","","",""
"342","POPEYES","RB","","","WEEK 13","","","","","","","","","","","","","","","","","","","","","","","","","","","","","","","","","","","","","","","","","","","","","","","","","","","","","","","","","","","","","",""
"343","POPEYES","WR","J. JEFFERSON","2.4","WEEK 13","","","","","","","","","","","","","","","","","","","","","","","","","","","","","","","","","","","","","","","","","","","","","","","","","","","","","","","","","","","","","",""
"344","POPEYES","WR","P. NACUA","13.2","WEEK 13","","","","","","","","","","","","","","","","","","","","","","","","","","","","","","","","","","","","","","","","","","","","","","","","","","","","","","","","","","","","","",""
"345","POPEYES","WR","E. EGBUKA","8.2","WEEK 13","","","","","","","","","","","","","","","","","","","","","","","","","","","","","","","","","","","","","","","","","","","","","","","","","","","","","","","","","","","","","",""
"346","POPEYES","WR","","","WEEK 13","","","","","","","","","","","","","","","","","","","","","","","","","","","","","","","","","","","","","","","","","","","","","","","","","","","","","","","","","","","","","",""
"347","POPEYES","TE","K. PITTS","15.2","WEEK 13","","","","","","","","","","","","","","","","","","","","","","","","","","","","","","","","","","","","","","","","","","","","","","","","","","","","","","","","","","","","","",""
"348","POPEYES","FLEX","D. SMITH","9.8","WEEK 13","","","","","","","","","","","","","","","","","","","","","","","","","","","","","","","","","","","","","","","","","","","","","","","","","","","","","","","","","","","","","",""
"349","POPEYES","D/ST","IND D/ST","11.37","WEEK 13","","","","","","","","","","","","","","","","","","","","","","","","","","","","","","","","","","","","","","","","","","","","","","","","","","","","","","","","","","","","","",""
"350","POPEYES","K","T. LOOP","2","WEEK 13","","","","","","","","","","","","","","","","","","","","","","","","","","","","","","","","","","","","","","","","","","","","","","","","","","","","","","","","","","","","","",""
"351","POPEYES","HC","PHI HC","1.5","WEEK 13","","","","","","","","","","","","","","","","","","","","","","","","","","","","","","","","","","","","","","","","","","","","","","","","","","","","","","","","","","","","","",""
"352","POPEYES","QB","B. MAYFIELD","12.48","WEEK 14","","","","","","","","","","","","","","","","","","","","","","","","","","","","","","","","","","","","","","","","","","","","","","","","","","","","","","","","","","","","","",""
"353","POPEYES","RB","D. ACHANE","18.2","WEEK 14","","","","","","","","","","","","","","","","","","","","","","","","","","","","","","","","","","","","","","","","","","","","","","","","","","","","","","","","","","","","","",""
"354","POPEYES","RB","K. WALKER","4.8","WEEK 14","","","","","","","","","","","","","","","","","","","","","","","","","","","","","","","","","","","","","","","","","","","","","","","","","","","","","","","","","","","","","",""
"355","POPEYES","RB","","","WEEK 14","","","","","","","","","","","","","","","","","","","","","","","","","","","","","","","","","","","","","","","","","","","","","","","","","","","","","","","","","","","","","",""
"356","POPEYES","WR","J. JEFFERSON","3.1","WEEK 14","","","","","","","","","","","","","","","","","","","","","","","","","","","","","","","","","","","","","","","","","","","","","","","","","","","","","","","","","","","","","",""
"357","POPEYES","WR","P. NACUA","36.7","WEEK 14","","","","","","","","","","","","","","","","","","","","","","","","","","","","","","","","","","","","","","","","","","","","","","","","","","","","","","","","","","","","","",""
"358","POPEYES","WR","E. EGBUKA","3.5","WEEK 14","","","","","","","","","","","","","","","","","","","","","","","","","","","","","","","","","","","","","","","","","","","","","","","","","","","","","","","","","","","","","",""
"359","POPEYES","WR","","","WEEK 14","","","","","","","","","","","","","","","","","","","","","","","","","","","","","","","","","","","","","","","","","","","","","","","","","","","","","","","","","","","","","",""
"360","POPEYES","TE","H. FANNIN","26.4","WEEK 14","","","","","","","","","","","","","","","","","","","","","","","","","","","","","","","","","","","","","","","","","","","","","","","","","","","","","","","","","","","","","",""
"361","POPEYES","FLEX","D. NEAL","17.3","WEEK 14","","","","","","","","","","","","","","","","","","","","","","","","","","","","","","","","","","","","","","","","","","","","","","","","","","","","","","","","","","","","","",""
"362","POPEYES","D/ST","CLE D/ST","10.93","WEEK 14","","","","","","","","","","","","","","","","","","","","","","","","","","","","","","","","","","","","","","","","","","","","","","","","","","","","","","","","","","","","","",""
"363","POPEYES","K","T. LOOP","10","WEEK 14","","","","","","","","","","","","","","","","","","","","","","","","","","","","","","","","","","","","","","","","","","","","","","","","","","","","","","","","","","","","","",""
"364","POPEYES","HC","DEN HC","10.2","WEEK 14","","","","","","","","","","","","","","","","","","","","","","","","","","","","","","","","","","","","","","","","","","","","","","","","","","","","","","","","","","","","","",""
"365","GREEN","QB","B. NIX","10.04","WEEK 1","","","","","","","","","","","","","","","","","","","","","","","","","","","","","","","","","","","","","","","","","","","","","","","","","","","","","","","","","","","","","",""
"366","GREEN","RB","B. ROBINSON","26.6","WEEK 1","","","","","","","","","","","","","","","","","","","","","","","","","","","","","","","","","","","","","","","","","","","","","","","","","","","","","","","","","","","","","",""
"367","GREEN","RB","J. TAYLOR","14.6","WEEK 1","","","","","","","","","","","","","","","","","","","","","","","","","","","","","","","","","","","","","","","","","","","","","","","","","","","","","","","","","","","","","",""
"368","GREEN","RB","","","WEEK 1","","","","","","","","","","","","","","","","","","","","","","","","","","","","","","","","","","","","","","","","","","","","","","","","","","","","","","","","","","","","","",""
"369","GREEN","WR","A. BROWN","1.8","WEEK 1","","","","","","","","","","","","","","","","","","","","","","","","","","","","","","","","","","","","","","","","","","","","","","","","","","","","","","","","","","","","","",""
"370","GREEN","WR","J. WADDLE","7","WEEK 1","","","","","","","","","","","","","","","","","","","","","","","","","","","","","","","","","","","","","","","","","","","","","","","","","","","","","","","","","","","","","",""
"371","GREEN","WR","C. SUTTON","18.1","WEEK 1","","","","","","","","","","","","","","","","","","","","","","","","","","","","","","","","","","","","","","","","","","","","","","","","","","","","","","","","","","","","","",""
"372","GREEN","WR","","","WEEK 1","","","","","","","","","","","","","","","","","","","","","","","","","","","","","","","","","","","","","","","","","","","","","","","","","","","","","","","","","","","","","",""
"373","GREEN","TE","S. LAPORTA","13.9","WEEK 1","","","","","","","","","","","","","","","","","","","","","","","","","","","","","","","","","","","","","","","","","","","","","","","","","","","","","","","","","","","","","",""
"374","GREEN","FLEX","J. WARREN","15","WEEK 1","","","","","","","","","","","","","","","","","","","","","","","","","","","","","","","","","","","","","","","","","","","","","","","","","","","","","","","","","","","","","",""
"375","GREEN","D/ST","TB D/ST","8.37","WEEK 1","","","","","","","","","","","","","","","","","","","","","","","","","","","","","","","","","","","","","","","","","","","","","","","","","","","","","","","","","","","","","",""
"376","GREEN","K","J. MYERS","8","WEEK 1","","","","","","","","","","","","","","","","","","","","","","","","","","","","","","","","","","","","","","","","","","","","","","","","","","","","","","","","","","","","","",""
"377","GREEN","HC","TB HC","8.9","WEEK 1","","","","","","","","","","","","","","","","","","","","","","","","","","","","","","","","","","","","","","","","","","","","","","","","","","","","","","","","","","","","","",""
"378","GREEN","QB","J. MCCARTHY","1.92","WEEK 2","","","","","","","","","","","","","","","","","","","","","","","","","","","","","","","","","","","","","","","","","","","","","","","","","","","","","","","","","","","","","",""
"379","GREEN","RB","B. ROBINSON","23","WEEK 2","","","","","","","","","","","","","","","","","","","","","","","","","","","","","","","","","","","","","","","","","","","","","","","","","","","","","","","","","","","","","",""
"380","GREEN","RB","J. TAYLOR","33","WEEK 2","","","","","","","","","","","","","","","","","","","","","","","","","","","","","","","","","","","","","","","","","","","","","","","","","","","","","","","","","","","","","",""
"381","GREEN","RB","","","WEEK 2","","","","","","","","","","","","","","","","","","","","","","","","","","","","","","","","","","","","","","","","","","","","","","","","","","","","","","","","","","","","","",""
"382","GREEN","WR","A. BROWN","7.7","WEEK 2","","","","","","","","","","","","","","","","","","","","","","","","","","","","","","","","","","","","","","","","","","","","","","","","","","","","","","","","","","","","","",""
"383","GREEN","WR","T. MCMILLAN","17","WEEK 2","","","","","","","","","","","","","","","","","","","","","","","","","","","","","","","","","","","","","","","","","","","","","","","","","","","","","","","","","","","","","",""
"384","GREEN","WR","C. SUTTON","1.6","WEEK 2","","","","","","","","","","","","","","","","","","","","","","","","","","","","","","","","","","","","","","","","","","","","","","","","","","","","","","","","","","","","","",""
"385","GREEN","WR","","","WEEK 2","","","","","","","","","","","","","","","","","","","","","","","","","","","","","","","","","","","","","","","","","","","","","","","","","","","","","","","","","","","","","",""
"386","GREEN","TE","S. LAPORTA","5.6","WEEK 2","","","","","","","","","","","","","","","","","","","","","","","","","","","","","","","","","","","","","","","","","","","","","","","","","","","","","","","","","","","","","",""
"387","GREEN","FLEX","J. WARREN","18.8","WEEK 2","","","","","","","","","","","","","","","","","","","","","","","","","","","","","","","","","","","","","","","","","","","","","","","","","","","","","","","","","","","","","",""
"388","GREEN","D/ST","TB D/ST","11.88","WEEK 2","","","","","","","","","","","","","","","","","","","","","","","","","","","","","","","","","","","","","","","","","","","","","","","","","","","","","","","","","","","","","",""
"389","GREEN","K","J. MYERS","8","WEEK 2","","","","","","","","","","","","","","","","","","","","","","","","","","","","","","","","","","","","","","","","","","","","","","","","","","","","","","","","","","","","","",""
"390","GREEN","HC","TB HC","8","WEEK 2","","","","","","","","","","","","","","","","","","","","","","","","","","","","","","","","","","","","","","","","","","","","","","","","","","","","","","","","","","","","","",""
"391","GREEN","QB","B. NIX","16.82","WEEK 3","","","","","","","","","","","","","","","","","","","","","","","","","","","","","","","","","","","","","","","","","","","","","","","","","","","","","","","","","","","","","",""
"392","GREEN","RB","B. ROBINSON","17.4","WEEK 3","","","","","","","","","","","","","","","","","","","","","","","","","","","","","","","","","","","","","","","","","","","","","","","","","","","","","","","","","","","","","",""
"393","GREEN","RB","J. TAYLOR","35.5","WEEK 3","","","","","","","","","","","","","","","","","","","","","","","","","","","","","","","","","","","","","","","","","","","","","","","","","","","","","","","","","","","","","",""
"394","GREEN","RB","","","WEEK 3","","","","","","","","","","","","","","","","","","","","","","","","","","","","","","","","","","","","","","","","","","","","","","","","","","","","","","","","","","","","","",""
"395","GREEN","WR","A. BROWN","23.9","WEEK 3","","","","","","","","","","","","","","","","","","","","","","","","","","","","","","","","","","","","","","","","","","","","","","","","","","","","","","","","","","","","","",""
"396","GREEN","WR","T. MCMILLAN","7.8","WEEK 3","","","","","","","","","","","","","","","","","","","","","","","","","","","","","","","","","","","","","","","","","","","","","","","","","","","","","","","","","","","","","",""
"397","GREEN","WR","C. SUTTON","24.8","WEEK 3","","","","","","","","","","","","","","","","","","","","","","","","","","","","","","","","","","","","","","","","","","","","","","","","","","","","","","","","","","","","","",""
"398","GREEN","WR","","","WEEK 3","","","","","","","","","","","","","","","","","","","","","","","","","","","","","","","","","","","","","","","","","","","","","","","","","","","","","","","","","","","","","",""
"399","GREEN","TE","S. LAPORTA","7.3","WEEK 3","","","","","","","","","","","","","","","","","","","","","","","","","","","","","","","","","","","","","","","","","","","","","","","","","","","","","","","","","","","","","",""
"400","GREEN","FLEX","J. WARREN","14.9","WEEK 3","","","","","","","","","","","","","","","","","","","","","","","","","","","","","","","","","","","","","","","","","","","","","","","","","","","","","","","","","","","","","",""
"401","GREEN","D/ST","TB D/ST","27.12","WEEK 3","","","","","","","","","","","","","","","","","","","","","","","","","","","","","","","","","","","","","","","","","","","","","","","","","","","","","","","","","","","","","",""
"402","GREEN","K","J. MYERS","18","WEEK 3","","","","","","","","","","","","","","","","","","","","","","","","","","","","","","","","","","","","","","","","","","","","","","","","","","","","","","","","","","","","","",""
"403","GREEN","HC","TB HC","10.7","WEEK 3","","","","","","","","","","","","","","","","","","","","","","","","","","","","","","","","","","","","","","","","","","","","","","","","","","","","","","","","","","","","","",""
"404","GREEN","QB","B. NIX","33.74","WEEK 4","","","","","","","","","","","","","","","","","","","","","","","","","","","","","","","","","","","","","","","","","","","","","","","","","","","","","","","","","","","","","",""
"405","GREEN","RB","B. ROBINSON","30.8","WEEK 4","","","","","","","","","","","","","","","","","","","","","","","","","","","","","","","","","","","","","","","","","","","","","","","","","","","","","","","","","","","","","",""
"406","GREEN","RB","J. TAYLOR","16.3","WEEK 4","","","","","","","","","","","","","","","","","","","","","","","","","","","","","","","","","","","","","","","","","","","","","","","","","","","","","","","","","","","","","",""
"407","GREEN","RB","","","WEEK 4","","","","","","","","","","","","","","","","","","","","","","","","","","","","","","","","","","","","","","","","","","","","","","","","","","","","","","","","","","","","","",""
"408","GREEN","WR","A. BROWN","2.7","WEEK 4","","","","","","","","","","","","","","","","","","","","","","","","","","","","","","","","","","","","","","","","","","","","","","","","","","","","","","","","","","","","","",""
"409","GREEN","WR","T. MCMILLIAN","10.2","WEEK 4","","","","","","","","","","","","","","","","","","","","","","","","","","","","","","","","","","","","","","","","","","","","","","","","","","","","","","","","","","","","","",""
"410","GREEN","WR","C. SUTTON","19.1","WEEK 4","","","","","","","","","","","","","","","","","","","","","","","","","","","","","","","","","","","","","","","","","","","","","","","","","","","","","","","","","","","","","",""
"411","GREEN","WR","","","WEEK 4","","","","","","","","","","","","","","","","","","","","","","","","","","","","","","","","","","","","","","","","","","","","","","","","","","","","","","","","","","","","","",""
"412","GREEN","TE","T. WARREN","18.5","WEEK 4","","","","","","","","","","","","","","","","","","","","","","","","","","","","","","","","","","","","","","","","","","","","","","","","","","","","","","","","","","","","","",""
"413","GREEN","FLEX","D. SWIFT","17.4","WEEK 4","","","","","","","","","","","","","","","","","","","","","","","","","","","","","","","","","","","","","","","","","","","","","","","","","","","","","","","","","","","","","",""
"414","GREEN","D/ST","TB D/ST","20.8","WEEK 4","","","","","","","","","","","","","","","","","","","","","","","","","","","","","","","","","","","","","","","","","","","","","","","","","","","","","","","","","","","","","",""
"415","GREEN","K","J. MYERS","14","WEEK 4","","","","","","","","","","","","","","","","","","","","","","","","","","","","","","","","","","","","","","","","","","","","","","","","","","","","","","","","","","","","","",""
"416","GREEN","HC","LAR HC","11.1","WEEK 4","","","","","","","","","","","","","","","","","","","","","","","","","","","","","","","","","","","","","","","","","","","","","","","","","","","","","","","","","","","","","",""
"417","GREEN","QB","B. NIX","21.98","WEEK 5","","","","","","","","","","","","","","","","","","","","","","","","","","","","","","","","","","","","","","","","","","","","","","","","","","","","","","","","","","","","","",""
"418","GREEN","RB","J. TAYLOR","33.3","WEEK 5","","","","","","","","","","","","","","","","","","","","","","","","","","","","","","","","","","","","","","","","","","","","","","","","","","","","","","","","","","","","","",""
"419","GREEN","RB","E. DEMERCADO","6.4","WEEK 5","","","","","","","","","","","","","","","","","","","","","","","","","","","","","","","","","","","","","","","","","","","","","","","","","","","","","","","","","","","","","",""
"420","GREEN","RB","","","WEEK 5","","","","","","","","","","","","","","","","","","","","","","","","","","","","","","","","","","","","","","","","","","","","","","","","","","","","","","","","","","","","","",""
"421","GREEN","WR","A. BROWN","9.3","WEEK 5","","","","","","","","","","","","","","","","","","","","","","","","","","","","","","","","","","","","","","","","","","","","","","","","","","","","","","","","","","","","","",""
"422","GREEN","WR","T. MCMILLAN","13.3","WEEK 5","","","","","","","","","","","","","","","","","","","","","","","","","","","","","","","","","","","","","","","","","","","","","","","","","","","","","","","","","","","","","",""
"423","GREEN","WR","C. SUTTON","17.9","WEEK 5","","","","","","","","","","","","","","","","","","","","","","","","","","","","","","","","","","","","","","","","","","","","","","","","","","","","","","","","","","","","","",""
"424","GREEN","WR","","","WEEK 5","","","","","","","","","","","","","","","","","","","","","","","","","","","","","","","","","","","","","","","","","","","","","","","","","","","","","","","","","","","","","",""
"425","GREEN","TE","T. WARREN","14.2","WEEK 5","","","","","","","","","","","","","","","","","","","","","","","","","","","","","","","","","","","","","","","","","","","","","","","","","","","","","","","","","","","","","",""
"426","GREEN","FLEX","J. WADDLE","24","WEEK 5","","","","","","","","","","","","","","","","","","","","","","","","","","","","","","","","","","","","","","","","","","","","","","","","","","","","","","","","","","","","","",""
"427","GREEN","D/ST","CLE D/ST","18.38","WEEK 5","","","","","","","","","","","","","","","","","","","","","","","","","","","","","","","","","","","","","","","","","","","","","","","","","","","","","","","","","","","","","",""
"428","GREEN","K","J. MYERS","3.5","WEEK 5","","","","","","","","","","","","","","","","","","","","","","","","","","","","","","","","","","","","","","","","","","","","","","","","","","","","","","","","","","","","","",""
"429","GREEN","HC","LAR HC","4.9","WEEK 5","","","","","","","","","","","","","","","","","","","","","","","","","","","","","","","","","","","","","","","","","","","","","","","","","","","","","","","","","","","","","",""
"430","GREEN","QB","B. NIX","17.46","WEEK 6","","","","","","","","","","","","","","","","","","","","","","","","","","","","","","","","","","","","","","","","","","","","","","","","","","","","","","","","","","","","","",""
"431","GREEN","RB","B. ROBINSON","38.7","WEEK 6","","","","","","","","","","","","","","","","","","","","","","","","","","","","","","","","","","","","","","","","","","","","","","","","","","","","","","","","","","","","","",""
"432","GREEN","RB","J. TAYLOR","26.8","WEEK 6","","","","","","","","","","","","","","","","","","","","","","","","","","","","","","","","","","","","","","","","","","","","","","","","","","","","","","","","","","","","","",""
"433","GREEN","RB","","","WEEK 6","","","","","","","","","","","","","","","","","","","","","","","","","","","","","","","","","","","","","","","","","","","","","","","","","","","","","","","","","","","","","",""
"434","GREEN","WR","A. BROWN","14","WEEK 6","","","","","","","","","","","","","","","","","","","","","","","","","","","","","","","","","","","","","","","","","","","","","","","","","","","","","","","","","","","","","",""
"435","GREEN","WR","J. WADDLE","16.02","WEEK 6","","","","","","","","","","","","","","","","","","","","","","","","","","","","","","","","","","","","","","","","","","","","","","","","","","","","","","","","","","","","","",""
"436","GREEN","WR","C. SUTTON","2.7","WEEK 6","","","","","","","","","","","","","","","","","","","","","","","","","","","","","","","","","","","","","","","","","","","","","","","","","","","","","","","","","","","","","",""
"437","GREEN","WR","","","WEEK 6","","","","","","","","","","","","","","","","","","","","","","","","","","","","","","","","","","","","","","","","","","","","","","","","","","","","","","","","","","","","","",""
"438","GREEN","TE","T. WARREN","18.3","WEEK 6","","","","","","","","","","","","","","","","","","","","","","","","","","","","","","","","","","","","","","","","","","","","","","","","","","","","","","","","","","","","","",""
"439","GREEN","FLEX","D. SWIFT","27.9","WEEK 6","","","","","","","","","","","","","","","","","","","","","","","","","","","","","","","","","","","","","","","","","","","","","","","","","","","","","","","","","","","","","",""
"440","GREEN","D/ST","CLE D/ST","9.02","WEEK 6","","","","","","","","","","","","","","","","","","","","","","","","","","","","","","","","","","","","","","","","","","","","","","","","","","","","","","","","","","","","","",""
"441","GREEN","K","J. MYERS","11","WEEK 6","","","","","","","","","","","","","","","","","","","","","","","","","","","","","","","","","","","","","","","","","","","","","","","","","","","","","","","","","","","","","",""
"442","GREEN","HC","LAR HC","9.1","WEEK 6","","","","","","","","","","","","","","","","","","","","","","","","","","","","","","","","","","","","","","","","","","","","","","","","","","","","","","","","","","","","","",""
"443","GREEN","QB","B. NIX","45.26","WEEK 7","","","","","","","","","","","","","","","","","","","","","","","","","","","","","","","","","","","","","","","","","","","","","","","","","","","","","","","","","","","","","",""
"444","GREEN","RB","B. ROBINSON","22.6","WEEK 7","","","","","","","","","","","","","","","","","","","","","","","","","","","","","","","","","","","","","","","","","","","","","","","","","","","","","","","","","","","","","",""
"445","GREEN","RB","J. TAYLOR","35.8","WEEK 7","","","","","","","","","","","","","","","","","","","","","","","","","","","","","","","","","","","","","","","","","","","","","","","","","","","","","","","","","","","","","",""
"446","GREEN","RB","","","WEEK 7","","","","","","","","","","","","","","","","","","","","","","","","","","","","","","","","","","","","","","","","","","","","","","","","","","","","","","","","","","","","","",""
"447","GREEN","WR","A. BROWN","29.1","WEEK 7","","","","","","","","","","","","","","","","","","","","","","","","","","","","","","","","","","","","","","","","","","","","","","","","","","","","","","","","","","","","","",""
"448","GREEN","WR","J. WADDLE","2.5","WEEK 7","","","","","","","","","","","","","","","","","","","","","","","","","","","","","","","","","","","","","","","","","","","","","","","","","","","","","","","","","","","","","",""
"449","GREEN","WR","C. SUTTON","16.7","WEEK 7","","","","","","","","","","","","","","","","","","","","","","","","","","","","","","","","","","","","","","","","","","","","","","","","","","","","","","","","","","","","","",""
"450","GREEN","WR","","","WEEK 7","","","","","","","","","","","","","","","","","","","","","","","","","","","","","","","","","","","","","","","","","","","","","","","","","","","","","","","","","","","","","",""
"451","GREEN","TE","S. LAPORTA","4.5","WEEK 7","","","","","","","","","","","","","","","","","","","","","","","","","","","","","","","","","","","","","","","","","","","","","","","","","","","","","","","","","","","","","",""
"452","GREEN","FLEX","T. WARREN","16.9","WEEK 7","","","","","","","","","","","","","","","","","","","","","","","","","","","","","","","","","","","","","","","","","","","","","","","","","","","","","","","","","","","","","",""
"453","GREEN","D/ST","ATL D/ST","11.74","WEEK 7","","","","","","","","","","","","","","","","","","","","","","","","","","","","","","","","","","","","","","","","","","","","","","","","","","","","","","","","","","","","","",""
"454","GREEN","K","J. MYERS","9","WEEK 7","","","","","","","","","","","","","","","","","","","","","","","","","","","","","","","","","","","","","","","","","","","","","","","","","","","","","","","","","","","","","",""
"455","GREEN","HC","LAR HC","22.5","WEEK 7","","","","","","","","","","","","","","","","","","","","","","","","","","","","","","","","","","","","","","","","","","","","","","","","","","","","","","","","","","","","","",""
"456","GREEN","QB","B. NIX","32.88","WEEK 8","","","","","","","","","","","","","","","","","","","","","","","","","","","","","","","","","","","","","","","","","","","","","","","","","","","","","","","","","","","","","",""
"457","GREEN","RB","B. ROBINSON","6.7","WEEK 8","","","","","","","","","","","","","","","","","","","","","","","","","","","","","","","","","","","","","","","","","","","","","","","","","","","","","","","","","","","","","",""
"458","GREEN","RB","J. TAYLOR","39.6","WEEK 8","","","","","","","","","","","","","","","","","","","","","","","","","","","","","","","","","","","","","","","","","","","","","","","","","","","","","","","","","","","","","",""
"459","GREEN","RB","","","WEEK 8","","","","","","","","","","","","","","","","","","","","","","","","","","","","","","","","","","","","","","","","","","","","","","","","","","","","","","","","","","","","","",""
"460","GREEN","WR","J. WADDLE","20.9","WEEK 8","","","","","","","","","","","","","","","","","","","","","","","","","","","","","","","","","","","","","","","","","","","","","","","","","","","","","","","","","","","","","",""
"461","GREEN","WR","T. MCMILLAN","16.9","WEEK 8","","","","","","","","","","","","","","","","","","","","","","","","","","","","","","","","","","","","","","","","","","","","","","","","","","","","","","","","","","","","","",""
"462","GREEN","WR","C. SUTTON","10.7","WEEK 8","","","","","","","","","","","","","","","","","","","","","","","","","","","","","","","","","","","","","","","","","","","","","","","","","","","","","","","","","","","","","",""
"463","GREEN","WR","","","WEEK 8","","","","","","","","","","","","","","","","","","","","","","","","","","","","","","","","","","","","","","","","","","","","","","","","","","","","","","","","","","","","","",""
"464","GREEN","TE","T. WARREN","9.3","WEEK 8","","","","","","","","","","","","","","","","","","","","","","","","","","","","","","","","","","","","","","","","","","","","","","","","","","","","","","","","","","","","","",""
"465","GREEN","FLEX","D. SWIFT","16.2","WEEK 8","","","","","","","","","","","","","","","","","","","","","","","","","","","","","","","","","","","","","","","","","","","","","","","","","","","","","","","","","","","","","",""
"466","GREEN","D/ST","ATL D/ST","6.43","WEEK 8","","","","","","","","","","","","","","","","","","","","","","","","","","","","","","","","","","","","","","","","","","","","","","","","","","","","","","","","","","","","","",""
"467","GREEN","K","M. BADGLEY","9","WEEK 8","","","","","","","","","","","","","","","","","","","","","","","","","","","","","","","","","","","","","","","","","","","","","","","","","","","","","","","","","","","","","",""
"468","GREEN","HC","TB HC","14.9","WEEK 8","","","","","","","","","","","","","","","","","","","","","","","","","","","","","","","","","","","","","","","","","","","","","","","","","","","","","","","","","","","","","",""
"469","GREEN","QB","M. STAFFORD","38.44","WEEK 9","","","","","","","","","","","","","","","","","","","","","","","","","","","","","","","","","","","","","","","","","","","","","","","","","","","","","","","","","","","","","",""
"470","GREEN","RB","B. ROBINSON","18.8","WEEK 9","","","","","","","","","","","","","","","","","","","","","","","","","","","","","","","","","","","","","","","","","","","","","","","","","","","","","","","","","","","","","",""
"471","GREEN","RB","J. TAYLOR","9.1","WEEK 9","","","","","","","","","","","","","","","","","","","","","","","","","","","","","","","","","","","","","","","","","","","","","","","","","","","","","","","","","","","","","",""
"472","GREEN","RB","","","WEEK 9","","","","","","","","","","","","","","","","","","","","","","","","","","","","","","","","","","","","","","","","","","","","","","","","","","","","","","","","","","","","","",""
"473","GREEN","WR","J. WADDLE","14.2","WEEK 9","","","","","","","","","","","","","","","","","","","","","","","","","","","","","","","","","","","","","","","","","","","","","","","","","","","","","","","","","","","","","",""
"474","GREEN","WR","T. MCMILLAN","8.6","WEEK 9","","","","","","","","","","","","","","","","","","","","","","","","","","","","","","","","","","","","","","","","","","","","","","","","","","","","","","","","","","","","","",""
"475","GREEN","WR","C. SUTTON","10","WEEK 9","","","","","","","","","","","","","","","","","","","","","","","","","","","","","","","","","","","","","","","","","","","","","","","","","","","","","","","","","","","","","",""
"476","GREEN","WR","","","WEEK 9","","","","","","","","","","","","","","","","","","","","","","","","","","","","","","","","","","","","","","","","","","","","","","","","","","","","","","","","","","","","","",""
"477","GREEN","TE","T. WARREN","7.6","WEEK 9","","","","","","","","","","","","","","","","","","","","","","","","","","","","","","","","","","","","","","","","","","","","","","","","","","","","","","","","","","","","","",""
"478","GREEN","FLEX","K. MONANGAI","26.4","WEEK 9","","","","","","","","","","","","","","","","","","","","","","","","","","","","","","","","","","","","","","","","","","","","","","","","","","","","","","","","","","","","","",""
"479","GREEN","D/ST","NE D/ST","10.15","WEEK 9","","","","","","","","","","","","","","","","","","","","","","","","","","","","","","","","","","","","","","","","","","","","","","","","","","","","","","","","","","","","","",""
"480","GREEN","K","M. BADGLEY","14","WEEK 9","","","","","","","","","","","","","","","","","","","","","","","","","","","","","","","","","","","","","","","","","","","","","","","","","","","","","","","","","","","","","",""
"481","GREEN","HC","LAR HC","18.2","WEEK 9","","","","","","","","","","","","","","","","","","","","","","","","","","","","","","","","","","","","","","","","","","","","","","","","","","","","","","","","","","","","","",""
"482","GREEN","QB","M. STAFFORD","37.6","WEEK 10","","","","","","","","","","","","","","","","","","","","","","","","","","","","","","","","","","","","","","","","","","","","","","","","","","","","","","","","","","","","","",""
"483","GREEN","RB","B. ROBINSON","12.5","WEEK 10","","","","","","","","","","","","","","","","","","","","","","","","","","","","","","","","","","","","","","","","","","","","","","","","","","","","","","","","","","","","","",""
"484","GREEN","RB","J. TAYLOR","54.8","WEEK 10","","","","","","","","","","","","","","","","","","","","","","","","","","","","","","","","","","","","","","","","","","","","","","","","","","","","","","","","","","","","","",""
"485","GREEN","RB","","","WEEK 10","","","","","","","","","","","","","","","","","","","","","","","","","","","","","","","","","","","","","","","","","","","","","","","","","","","","","","","","","","","","","",""
"486","GREEN","WR","A. BROWN","3.3","WEEK 10","","","","","","","","","","","","","","","","","","","","","","","","","","","","","","","","","","","","","","","","","","","","","","","","","","","","","","","","","","","","","",""
"487","GREEN","WR","J. WADDLE","19.4","WEEK 10","","","","","","","","","","","","","","","","","","","","","","","","","","","","","","","","","","","","","","","","","","","","","","","","","","","","","","","","","","","","","",""
"488","GREEN","WR","T. FRANKLIN","15","WEEK 10","","","","","","","","","","","","","","","","","","","","","","","","","","","","","","","","","","","","","","","","","","","","","","","","","","","","","","","","","","","","","",""
"489","GREEN","WR","","","WEEK 10","","","","","","","","","","","","","","","","","","","","","","","","","","","","","","","","","","","","","","","","","","","","","","","","","","","","","","","","","","","","","",""
"490","GREEN","TE","T. WARREN","17.9","WEEK 10","","","","","","","","","","","","","","","","","","","","","","","","","","","","","","","","","","","","","","","","","","","","","","","","","","","","","","","","","","","","","",""
"491","GREEN","FLEX","D. SWIFT","16.1","WEEK 10","","","","","","","","","","","","","","","","","","","","","","","","","","","","","","","","","","","","","","","","","","","","","","","","","","","","","","","","","","","","","",""
"492","GREEN","D/ST","TB D/ST","1.36","WEEK 10","","","","","","","","","","","","","","","","","","","","","","","","","","","","","","","","","","","","","","","","","","","","","","","","","","","","","","","","","","","","","",""
"493","GREEN","K","M. BADGLEY","7","WEEK 10","","","","","","","","","","","","","","","","","","","","","","","","","","","","","","","","","","","","","","","","","","","","","","","","","","","","","","","","","","","","","",""
"494","GREEN","HC","LAR HC","18.6","WEEK 10","","","","","","","","","","","","","","","","","","","","","","","","","","","","","","","","","","","","","","","","","","","","","","","","","","","","","","","","","","","","","",""
"508","GREEN","QB","M. STAFFORD","31.92","WEEK 12","","","","","","","","","","","","","","","","","","","","","","","","","","","","","","","","","","","","","","","","","","","","","","","","","","","","","","","","","","","","","",""
"509","GREEN","RB","B. ROBINSON","16.1","WEEK 12","","","","","","","","","","","","","","","","","","","","","","","","","","","","","","","","","","","","","","","","","","","","","","","","","","","","","","","","","","","","","",""
"510","GREEN","RB","J. TAYLOR","10.2","WEEK 12","","","","","","","","","","","","","","","","","","","","","","","","","","","","","","","","","","","","","","","","","","","","","","","","","","","","","","","","","","","","","",""
"511","GREEN","RB","","","WEEK 12","","","","","","","","","","","","","","","","","","","","","","","","","","","","","","","","","","","","","","","","","","","","","","","","","","","","","","","","","","","","","",""
"512","GREEN","WR","A. BROWN","26","WEEK 12","","","","","","","","","","","","","","","","","","","","","","","","","","","","","","","","","","","","","","","","","","","","","","","","","","","","","","","","","","","","","",""
"513","GREEN","WR","T. MCMILLAN","11.5","WEEK 12","","","","","","","","","","","","","","","","","","","","","","","","","","","","","","","","","","","","","","","","","","","","","","","","","","","","","","","","","","","","","",""
"514","GREEN","WR","M. WILSON","22.8","WEEK 12","","","","","","","","","","","","","","","","","","","","","","","","","","","","","","","","","","","","","","","","","","","","","","","","","","","","","","","","","","","","","",""
"515","GREEN","WR","","","WEEK 12","","","","","","","","","","","","","","","","","","","","","","","","","","","","","","","","","","","","","","","","","","","","","","","","","","","","","","","","","","","","","",""
"516","GREEN","TE","T. WARREN","9.5","WEEK 12","","","","","","","","","","","","","","","","","","","","","","","","","","","","","","","","","","","","","","","","","","","","","","","","","","","","","","","","","","","","","",""
"517","GREEN","FLEX","D. SWIFT","2.7","WEEK 12","","","","","","","","","","","","","","","","","","","","","","","","","","","","","","","","","","","","","","","","","","","","","","","","","","","","","","","","","","","","","",""
"518","GREEN","D/ST","NE D/ST","17.3","WEEK 12","","","","","","","","","","","","","","","","","","","","","","","","","","","","","","","","","","","","","","","","","","","","","","","","","","","","","","","","","","","","","",""
"519","GREEN","K","A. BORREGALES","19","WEEK 12","","","","","","","","","","","","","","","","","","","","","","","","","","","","","","","","","","","","","","","","","","","","","","","","","","","","","","","","","","","","","",""
"520","GREEN","HC","LAR HC","22.2","WEEK 12","","","","","","","","","","","","","","","","","","","","","","","","","","","","","","","","","","","","","","","","","","","","","","","","","","","","","","","","","","","","","",""
"521","GREEN","QB","M. STAFFORD","15.72","WEEK 13","","","","","","","","","","","","","","","","","","","","","","","","","","","","","","","","","","","","","","","","","","","","","","","","","","","","","","","","","","","","","",""
"522","GREEN","RB","B. ROBINSON","33.6","WEEK 13","","","","","","","","","","","","","","","","","","","","","","","","","","","","","","","","","","","","","","","","","","","","","","","","","","","","","","","","","","","","","",""
"523","GREEN","RB","J. TAYLOR","17.2","WEEK 13","","","","","","","","","","","","","","","","","","","","","","","","","","","","","","","","","","","","","","","","","","","","","","","","","","","","","","","","","","","","","",""
"524","GREEN","RB","","","WEEK 13","","","","","","","","","","","","","","","","","","","","","","","","","","","","","","","","","","","","","","","","","","","","","","","","","","","","","","","","","","","","","",""
"525","GREEN","WR","A. BROWN","36.2","WEEK 13","","","","","","","","","","","","","","","","","","","","","","","","","","","","","","","","","","","","","","","","","","","","","","","","","","","","","","","","","","","","","",""
"526","GREEN","WR","T. MCMILLAN","11.3","WEEK 13","","","","","","","","","","","","","","","","","","","","","","","","","","","","","","","","","","","","","","","","","","","","","","","","","","","","","","","","","","","","","",""
"527","GREEN","WR","T. FRANKLIN","4.1","WEEK 13","","","","","","","","","","","","","","","","","","","","","","","","","","","","","","","","","","","","","","","","","","","","","","","","","","","","","","","","","","","","","",""
"528","GREEN","WR","","","WEEK 13","","","","","","","","","","","","","","","","","","","","","","","","","","","","","","","","","","","","","","","","","","","","","","","","","","","","","","","","","","","","","",""
"529","GREEN","TE","T. WARREN","11.3","WEEK 13","","","","","","","","","","","","","","","","","","","","","","","","","","","","","","","","","","","","","","","","","","","","","","","","","","","","","","","","","","","","","",""
"530","GREEN","FLEX","D. SWIFT","23.6","WEEK 13","","","","","","","","","","","","","","","","","","","","","","","","","","","","","","","","","","","","","","","","","","","","","","","","","","","","","","","","","","","","","",""
"531","GREEN","D/ST","NE D/ST","29.87","WEEK 13","","","","","","","","","","","","","","","","","","","","","","","","","","","","","","","","","","","","","","","","","","","","","","","","","","","","","","","","","","","","","",""
"532","GREEN","K","A. BORRAGALES","13.5","WEEK 13","","","","","","","","","","","","","","","","","","","","","","","","","","","","","","","","","","","","","","","","","","","","","","","","","","","","","","","","","","","","","",""
"533","GREEN","HC","LAR HC","6.4","WEEK 13","","","","","","","","","","","","","","","","","","","","","","","","","","","","","","","","","","","","","","","","","","","","","","","","","","","","","","","","","","","","","",""
"534","GREEN","QB","M. STAFFORD","31.84","WEEK 14","","","","","","","","","","","","","","","","","","","","","","","","","","","","","","","","","","","","","","","","","","","","","","","","","","","","","","","","","","","","","",""
"535","GREEN","RB","B. ROBINSON","11.4","WEEK 14","","","","","","","","","","","","","","","","","","","","","","","","","","","","","","","","","","","","","","","","","","","","","","","","","","","","","","","","","","","","","",""
"536","GREEN","RB","J. TAYLOR","13.5","WEEK 14","","","","","","","","","","","","","","","","","","","","","","","","","","","","","","","","","","","","","","","","","","","","","","","","","","","","","","","","","","","","","",""
"537","GREEN","RB","","","WEEK 14","","","","","","","","","","","","","","","","","","","","","","","","","","","","","","","","","","","","","","","","","","","","","","","","","","","","","","","","","","","","","",""
"538","GREEN","WR","A. BROWN","17","WEEK 14","","","","","","","","","","","","","","","","","","","","","","","","","","","","","","","","","","","","","","","","","","","","","","","","","","","","","","","","","","","","","",""
"539","GREEN","WR","J. WADDLE","18.2","WEEK 14","","","","","","","","","","","","","","","","","","","","","","","","","","","","","","","","","","","","","","","","","","","","","","","","","","","","","","","","","","","","","",""
"540","GREEN","WR","T. FRANKLIN","4.1","WEEK 14","","","","","","","","","","","","","","","","","","","","","","","","","","","","","","","","","","","","","","","","","","","","","","","","","","","","","","","","","","","","","",""
"541","GREEN","WR","","","WEEK 14","","","","","","","","","","","","","","","","","","","","","","","","","","","","","","","","","","","","","","","","","","","","","","","","","","","","","","","","","","","","","",""
"542","GREEN","TE","T. WARREN","3.8","WEEK 14","","","","","","","","","","","","","","","","","","","","","","","","","","","","","","","","","","","","","","","","","","","","","","","","","","","","","","","","","","","","","",""
"543","GREEN","FLEX","D. SWIFT","12.5","WEEK 14","","","","","","","","","","","","","","","","","","","","","","","","","","","","","","","","","","","","","","","","","","","","","","","","","","","","","","","","","","","","","",""
"544","GREEN","D/ST","TB D/ST","11.95","WEEK 14","","","","","","","","","","","","","","","","","","","","","","","","","","","","","","","","","","","","","","","","","","","","","","","","","","","","","","","","","","","","","",""
"545","GREEN","K","M. PRATER","7","WEEK 14","","","","","","","","","","","","","","","","","","","","","","","","","","","","","","","","","","","","","","","","","","","","","","","","","","","","","","","","","","","","","",""
"546","GREEN","HC","LAR HC","25.5","WEEK 14","","","","","","","","","","","","","","","","","","","","","","","","","","","","","","","","","","","","","","","","","","","","","","","","","","","","","","","","","","","","","",""
"547","SAVAGES","QB","K. MURRAY","25.62","WEEK 1","","","","","","","","","","","","","","","","","","","","","","","","","","","","","","","","","","","","","","","","","","","","","","","","","","","","","","","","","","","","","",""
"548","SAVAGES","RB","A. JEANTY","13.9","WEEK 1","","","","","","","","","","","","","","","","","","","","","","","","","","","","","","","","","","","","","","","","","","","","","","","","","","","","","","","","","","","","","",""
"549","SAVAGES","RB","T. TRACY JR","6.5","WEEK 1","","","","","","","","","","","","","","","","","","","","","","","","","","","","","","","","","","","","","","","","","","","","","","","","","","","","","","","","","","","","","",""
"550","SAVAGES","RB","","","WEEK 1","","","","","","","","","","","","","","","","","","","","","","","","","","","","","","","","","","","","","","","","","","","","","","","","","","","","","","","","","","","","","",""
"551","SAVAGES","WR","J. CHASE","4.6","WEEK 1","","","","","","","","","","","","","","","","","","","","","","","","","","","","","","","","","","","","","","","","","","","","","","","","","","","","","","","","","","","","","",""
"552","SAVAGES","WR","D. LONDON","13.5","WEEK 1","","","","","","","","","","","","","","","","","","","","","","","","","","","","","","","","","","","","","","","","","","","","","","","","","","","","","","","","","","","","","",""
"553","SAVAGES","WR","T. HIGGINS","6.3","WEEK 1","","","","","","","","","","","","","","","","","","","","","","","","","","","","","","","","","","","","","","","","","","","","","","","","","","","","","","","","","","","","","",""
"554","SAVAGES","WR","","","WEEK 1","","","","","","","","","","","","","","","","","","","","","","","","","","","","","","","","","","","","","","","","","","","","","","","","","","","","","","","","","","","","","",""
"555","SAVAGES","TE","T. MCBRIDE","12.1","WEEK 1","","","","","","","","","","","","","","","","","","","","","","","","","","","","","","","","","","","","","","","","","","","","","","","","","","","","","","","","","","","","","",""
"556","SAVAGES","FLEX","M. GOLDEN","4.15","WEEK 1","","","","","","","","","","","","","","","","","","","","","","","","","","","","","","","","","","","","","","","","","","","","","","","","","","","","","","","","","","","","","",""
"557","SAVAGES","D/ST","DET D/ST","8.32","WEEK 1","","","","","","","","","","","","","","","","","","","","","","","","","","","","","","","","","","","","","","","","","","","","","","","","","","","","","","","","","","","","","",""
"558","SAVAGES","K","M. PRATER","12","WEEK 1","","","","","","","","","","","","","","","","","","","","","","","","","","","","","","","","","","","","","","","","","","","","","","","","","","","","","","","","","","","","","",""
"559","SAVAGES","HC","BAL HC","10","WEEK 1","","","","","","","","","","","","","","","","","","","","","","","","","","","","","","","","","","","","","","","","","","","","","","","","","","","","","","","","","","","","","",""
"560","SAVAGES","QB","K. MURRAY","17.7","WEEK 2","","","","","","","","","","","","","","","","","","","","","","","","","","","","","","","","","","","","","","","","","","","","","","","","","","","","","","","","","","","","","",""
"561","SAVAGES","RB","A. JEANTY","8.5","WEEK 2","","","","","","","","","","","","","","","","","","","","","","","","","","","","","","","","","","","","","","","","","","","","","","","","","","","","","","","","","","","","","",""
"562","SAVAGES","RB","T. ETIENNE JR","18.3","WEEK 2","","","","","","","","","","","","","","","","","","","","","","","","","","","","","","","","","","","","","","","","","","","","","","","","","","","","","","","","","","","","","",""
"563","SAVAGES","RB","","","WEEK 2","","","","","","","","","","","","","","","","","","","","","","","","","","","","","","","","","","","","","","","","","","","","","","","","","","","","","","","","","","","","","",""
"564","SAVAGES","WR","J. CHASE","37.5","WEEK 2","","","","","","","","","","","","","","","","","","","","","","","","","","","","","","","","","","","","","","","","","","","","","","","","","","","","","","","","","","","","","",""
"565","SAVAGES","WR","T. HIGGINS","14.6","WEEK 2","","","","","","","","","","","","","","","","","","","","","","","","","","","","","","","","","","","","","","","","","","","","","","","","","","","","","","","","","","","","","",""
"566","SAVAGES","WR","K. ALLEN","17.1","WEEK 2","","","","","","","","","","","","","","","","","","","","","","","","","","","","","","","","","","","","","","","","","","","","","","","","","","","","","","","","","","","","","",""
"567","SAVAGES","WR","","","WEEK 2","","","","","","","","","","","","","","","","","","","","","","","","","","","","","","","","","","","","","","","","","","","","","","","","","","","","","","","","","","","","","",""
"568","SAVAGES","TE","T. MCBRIDE","13.8","WEEK 2","","","","","","","","","","","","","","","","","","","","","","","","","","","","","","","","","","","","","","","","","","","","","","","","","","","","","","","","","","","","","",""
"569","SAVAGES","FLEX","D. LONDON","5.9","WEEK 2","","","","","","","","","","","","","","","","","","","","","","","","","","","","","","","","","","","","","","","","","","","","","","","","","","","","","","","","","","","","","",""
"570","SAVAGES","D/ST","DET D/ST","17.92","WEEK 2","","","","","","","","","","","","","","","","","","","","","","","","","","","","","","","","","","","","","","","","","","","","","","","","","","","","","","","","","","","","","",""
"571","SAVAGES","K","C. LITTLE","10","WEEK 2","","","","","","","","","","","","","","","","","","","","","","","","","","","","","","","","","","","","","","","","","","","","","","","","","","","","","","","","","","","","","",""
"572","SAVAGES","HC","BAL HC","20.3","WEEK 2","","","","","","","","","","","","","","","","","","","","","","","","","","","","","","","","","","","","","","","","","","","","","","","","","","","","","","","","","","","","","",""
"573","SAVAGES","QB","J. GOFF","17.48","WEEK 3","","","","","","","","","","","","","","","","","","","","","","","","","","","","","","","","","","","","","","","","","","","","","","","","","","","","","","","","","","","","","",""
"574","SAVAGES","RB","T. ETIENNE JR","13.2","WEEK 3","","","","","","","","","","","","","","","","","","","","","","","","","","","","","","","","","","","","","","","","","","","","","","","","","","","","","","","","","","","","","",""
"575","SAVAGES","RB","J. DOBBINS","16.4","WEEK 3","","","","","","","","","","","","","","","","","","","","","","","","","","","","","","","","","","","","","","","","","","","","","","","","","","","","","","","","","","","","","",""
"576","SAVAGES","RB","","","WEEK 3","","","","","","","","","","","","","","","","","","","","","","","","","","","","","","","","","","","","","","","","","","","","","","","","","","","","","","","","","","","","","",""
"577","SAVAGES","WR","J. CHASE","9","WEEK 3","","","","","","","","","","","","","","","","","","","","","","","","","","","","","","","","","","","","","","","","","","","","","","","","","","","","","","","","","","","","","",""
"578","SAVAGES","WR","D. LONDON","10.5","WEEK 3","","","","","","","","","","","","","","","","","","","","","","","","","","","","","","","","","","","","","","","","","","","","","","","","","","","","","","","","","","","","","",""
"579","SAVAGES","WR","K. ALLEN","19.5","WEEK 3","","","","","","","","","","","","","","","","","","","","","","","","","","","","","","","","","","","","","","","","","","","","","","","","","","","","","","","","","","","","","",""
"580","SAVAGES","WR","","","WEEK 3","","","","","","","","","","","","","","","","","","","","","","","","","","","","","","","","","","","","","","","","","","","","","","","","","","","","","","","","","","","","","",""
"581","SAVAGES","TE","T. MCBRIDE","15.3","WEEK 3","","","","","","","","","","","","","","","","","","","","","","","","","","","","","","","","","","","","","","","","","","","","","","","","","","","","","","","","","","","","","",""
"582","SAVAGES","FLEX","Q. JOHNSTON","14.9","WEEK 3","","","","","","","","","","","","","","","","","","","","","","","","","","","","","","","","","","","","","","","","","","","","","","","","","","","","","","","","","","","","","",""
"583","SAVAGES","D/ST","DET D/ST","21.5","WEEK 3","","","","","","","","","","","","","","","","","","","","","","","","","","","","","","","","","","","","","","","","","","","","","","","","","","","","","","","","","","","","","",""
"584","SAVAGES","K","C. LITTLE","3.5","WEEK 3","","","","","","","","","","","","","","","","","","","","","","","","","","","","","","","","","","","","","","","","","","","","","","","","","","","","","","","","","","","","","",""
"585","SAVAGES","HC","BAL HC","6","WEEK 3","","","","","","","","","","","","","","","","","","","","","","","","","","","","","","","","","","","","","","","","","","","","","","","","","","","","","","","","","","","","","",""
"586","SAVAGES","QB","J. GOFF","16.92","WEEK 4","","","","","","","","","","","","","","","","","","","","","","","","","","","","","","","","","","","","","","","","","","","","","","","","","","","","","","","","","","","","","",""
"587","SAVAGES","RB","T. ETIENNE JR.","22.4","WEEK 4","","","","","","","","","","","","","","","","","","","","","","","","","","","","","","","","","","","","","","","","","","","","","","","","","","","","","","","","","","","","","",""
"588","SAVAGES","RB","J. DOBBINS","14.1","WEEK 4","","","","","","","","","","","","","","","","","","","","","","","","","","","","","","","","","","","","","","","","","","","","","","","","","","","","","","","","","","","","","",""
"589","SAVAGES","RB","","","WEEK 4","","","","","","","","","","","","","","","","","","","","","","","","","","","","","","","","","","","","","","","","","","","","","","","","","","","","","","","","","","","","","",""
"590","SAVAGES","WR","J. CHASE","7.3","WEEK 4","","","","","","","","","","","","","","","","","","","","","","","","","","","","","","","","","","","","","","","","","","","","","","","","","","","","","","","","","","","","","",""
"591","SAVAGES","WR","Q. JOHNSTON","23.8","WEEK 4","","","","","","","","","","","","","","","","","","","","","","","","","","","","","","","","","","","","","","","","","","","","","","","","","","","","","","","","","","","","","",""
"592","SAVAGES","WR","K. ALLEN","8.7","WEEK 4","","","","","","","","","","","","","","","","","","","","","","","","","","","","","","","","","","","","","","","","","","","","","","","","","","","","","","","","","","","","","",""
"593","SAVAGES","WR","","","WEEK 4","","","","","","","","","","","","","","","","","","","","","","","","","","","","","","","","","","","","","","","","","","","","","","","","","","","","","","","","","","","","","",""
"594","SAVAGES","TE","T. MCBRIDE","12.2","WEEK 4","","","","","","","","","","","","","","","","","","","","","","","","","","","","","","","","","","","","","","","","","","","","","","","","","","","","","","","","","","","","","",""
"595","SAVAGES","FLEX","D. LONDON","26","WEEK 4","","","","","","","","","","","","","","","","","","","","","","","","","","","","","","","","","","","","","","","","","","","","","","","","","","","","","","","","","","","","","",""
"596","SAVAGES","D/ST","DET D/ST","36.13","WEEK 4","","","","","","","","","","","","","","","","","","","","","","","","","","","","","","","","","","","","","","","","","","","","","","","","","","","","","","","","","","","","","",""
"597","SAVAGES","K","C. LITTLE","7.5","WEEK 4","","","","","","","","","","","","","","","","","","","","","","","","","","","","","","","","","","","","","","","","","","","","","","","","","","","","","","","","","","","","","",""
"598","SAVAGES","HC","BAL HC","0","WEEK 4","","","","","","","","","","","","","","","","","","","","","","","","","","","","","","","","","","","","","","","","","","","","","","","","","","","","","","","","","","","","","",""
"599","SAVAGES","QB","J. GOFF","29.32","WEEK 5","","","","","","","","","","","","","","","","","","","","","","","","","","","","","","","","","","","","","","","","","","","","","","","","","","","","","","","","","","","","","",""
"600","SAVAGES","RB","T. ETIENNE JR","10","WEEK 5","","","","","","","","","","","","","","","","","","","","","","","","","","","","","","","","","","","","","","","","","","","","","","","","","","","","","","","","","","","","","",""
"601","SAVAGES","RB","J. DOBBINS","17.4","WEEK 5","","","","","","","","","","","","","","","","","","","","","","","","","","","","","","","","","","","","","","","","","","","","","","","","","","","","","","","","","","","","","",""
"602","SAVAGES","RB","","","WEEK 5","","","","","","","","","","","","","","","","","","","","","","","","","","","","","","","","","","","","","","","","","","","","","","","","","","","","","","","","","","","","","",""
"603","SAVAGES","WR","J. CHASE","30","WEEK 5","","","","","","","","","","","","","","","","","","","","","","","","","","","","","","","","","","","","","","","","","","","","","","","","","","","","","","","","","","","","","",""
"604","SAVAGES","WR","Q. JOHNSTON","7","WEEK 5","","","","","","","","","","","","","","","","","","","","","","","","","","","","","","","","","","","","","","","","","","","","","","","","","","","","","","","","","","","","","",""
"605","SAVAGES","WR","K. ALLEN","10.8","WEEK 5","","","","","","","","","","","","","","","","","","","","","","","","","","","","","","","","","","","","","","","","","","","","","","","","","","","","","","","","","","","","","",""
"606","SAVAGES","WR","","","WEEK 5","","","","","","","","","","","","","","","","","","","","","","","","","","","","","","","","","","","","","","","","","","","","","","","","","","","","","","","","","","","","","",""
"607","SAVAGES","TE","T. MCBRIDE","9.1","WEEK 5","","","","","","","","","","","","","","","","","","","","","","","","","","","","","","","","","","","","","","","","","","","","","","","","","","","","","","","","","","","","","",""
"608","SAVAGES","FLEX","A. JEANTY","17.3","WEEK 5","","","","","","","","","","","","","","","","","","","","","","","","","","","","","","","","","","","","","","","","","","","","","","","","","","","","","","","","","","","","","",""
"609","SAVAGES","D/ST","DET D/T","24.23","WEEK 5","","","","","","","","","","","","","","","","","","","","","","","","","","","","","","","","","","","","","","","","","","","","","","","","","","","","","","","","","","","","","",""
"610","SAVAGES","K","C. LITTLE","10","WEEK 5","","","","","","","","","","","","","","","","","","","","","","","","","","","","","","","","","","","","","","","","","","","","","","","","","","","","","","","","","","","","","",""
"611","SAVAGES","HC","BAL HC","-9","WEEK 5","","","","","","","","","","","","","","","","","","","","","","","","","","","","","","","","","","","","","","","","","","","","","","","","","","","","","","","","","","","","","",""
"612","SAVAGES","QB","J. GOFF","24.32","WEEK 6","","","","","","","","","","","","","","","","","","","","","","","","","","","","","","","","","","","","","","","","","","","","","","","","","","","","","","","","","","","","","",""
"613","SAVAGES","RB","T. ETIENNE JR","10.7","WEEK 6","","","","","","","","","","","","","","","","","","","","","","","","","","","","","","","","","","","","","","","","","","","","","","","","","","","","","","","","","","","","","",""
"614","SAVAGES","RB","J. DOBBINS","5.4","WEEK 6","","","","","","","","","","","","","","","","","","","","","","","","","","","","","","","","","","","","","","","","","","","","","","","","","","","","","","","","","","","","","",""
"615","SAVAGES","RB","","","WEEK 6","","","","","","","","","","","","","","","","","","","","","","","","","","","","","","","","","","","","","","","","","","","","","","","","","","","","","","","","","","","","","",""
"616","SAVAGES","WR","J. CHASE","25.2","WEEK 6","","","","","","","","","","","","","","","","","","","","","","","","","","","","","","","","","","","","","","","","","","","","","","","","","","","","","","","","","","","","","",""
"617","SAVAGES","WR","D. LONDON","32.8","WEEK 6","","","","","","","","","","","","","","","","","","","","","","","","","","","","","","","","","","","","","","","","","","","","","","","","","","","","","","","","","","","","","",""
"618","SAVAGES","WR","K. ALLEN","6.7","WEEK 6","","","","","","","","","","","","","","","","","","","","","","","","","","","","","","","","","","","","","","","","","","","","","","","","","","","","","","","","","","","","","",""
"619","SAVAGES","WR","","","WEEK 6","","","","","","","","","","","","","","","","","","","","","","","","","","","","","","","","","","","","","","","","","","","","","","","","","","","","","","","","","","","","","",""
"620","SAVAGES","TE","T. MCBRIDE","21.2","WEEK 6","","","","","","","","","","","","","","","","","","","","","","","","","","","","","","","","","","","","","","","","","","","","","","","","","","","","","","","","","","","","","",""
"621","SAVAGES","FLEX","A. JEANTY","18.9","WEEK 6","","","","","","","","","","","","","","","","","","","","","","","","","","","","","","","","","","","","","","","","","","","","","","","","","","","","","","","","","","","","","",""
"622","SAVAGES","D/ST","DET D/ST","10","WEEK 6","","","","","","","","","","","","","","","","","","","","","","","","","","","","","","","","","","","","","","","","","","","","","","","","","","","","","","","","","","","","","",""
"623","SAVAGES","K","C. LITTLE","-1","WEEK 6","","","","","","","","","","","","","","","","","","","","","","","","","","","","","","","","","","","","","","","","","","","","","","","","","","","","","","","","","","","","","",""
"624","SAVAGES","HC","JAX HC","0.6","WEEK 6","","","","","","","","","","","","","","","","","","","","","","","","","","","","","","","","","","","","","","","","","","","","","","","","","","","","","","","","","","","","","",""
"625","SAVAGES","QB","J. GOFF","13.94","WEEK 7","","","","","","","","","","","","","","","","","","","","","","","","","","","","","","","","","","","","","","","","","","","","","","","","","","","","","","","","","","","","","",""
"626","SAVAGES","RB","A. JEANTY","5","WEEK 7","","","","","","","","","","","","","","","","","","","","","","","","","","","","","","","","","","","","","","","","","","","","","","","","","","","","","","","","","","","","","",""
"627","SAVAGES","RB","T. ETIENNE JR.","7.3","WEEK 7","","","","","","","","","","","","","","","","","","","","","","","","","","","","","","","","","","","","","","","","","","","","","","","","","","","","","","","","","","","","","",""
"628","SAVAGES","RB","","","WEEK 7","","","","","","","","","","","","","","","","","","","","","","","","","","","","","","","","","","","","","","","","","","","","","","","","","","","","","","","","","","","","","",""
"629","SAVAGES","WR","J. CHASE","39.1","WEEK 7","","","","","","","","","","","","","","","","","","","","","","","","","","","","","","","","","","","","","","","","","","","","","","","","","","","","","","","","","","","","","",""
"630","SAVAGES","WR","D. LONDON","8.2","WEEK 7","","","","","","","","","","","","","","","","","","","","","","","","","","","","","","","","","","","","","","","","","","","","","","","","","","","","","","","","","","","","","",""
"631","SAVAGES","WR","K. ALLEN","29.9","WEEK 7","","","","","","","","","","","","","","","","","","","","","","","","","","","","","","","","","","","","","","","","","","","","","","","","","","","","","","","","","","","","","",""
"632","SAVAGES","WR","","","WEEK 7","","","","","","","","","","","","","","","","","","","","","","","","","","","","","","","","","","","","","","","","","","","","","","","","","","","","","","","","","","","","","",""
"633","SAVAGES","TE","T. MCBRIDE","29.4","WEEK 7","","","","","","","","","","","","","","","","","","","","","","","","","","","","","","","","","","","","","","","","","","","","","","","","","","","","","","","","","","","","","",""
"634","SAVAGES","FLEX","D. GODERT","4.8","WEEK 7","","","","","","","","","","","","","","","","","","","","","","","","","","","","","","","","","","","","","","","","","","","","","","","","","","","","","","","","","","","","","",""
"635","SAVAGES","D/ST","DET D/ST","23.7","WEEK 7","","","","","","","","","","","","","","","","","","","","","","","","","","","","","","","","","","","","","","","","","","","","","","","","","","","","","","","","","","","","","",""
"636","SAVAGES","K","E. PINEIRO","12","WEEK 7","","","","","","","","","","","","","","","","","","","","","","","","","","","","","","","","","","","","","","","","","","","","","","","","","","","","","","","","","","","","","",""
"637","SAVAGES","HC","JAX HC","-9.9","WEEK 7","","","","","","","","","","","","","","","","","","","","","","","","","","","","","","","","","","","","","","","","","","","","","","","","","","","","","","","","","","","","","",""
"638","SAVAGES","QB","A. RODGERS","23.16","WEEK 8","","","","","","","","","","","","","","","","","","","","","","","","","","","","","","","","","","","","","","","","","","","","","","","","","","","","","","","","","","","","","",""
"639","SAVAGES","RB","J.K. DOBBINS","16.6","WEEK 8","","","","","","","","","","","","","","","","","","","","","","","","","","","","","","","","","","","","","","","","","","","","","","","","","","","","","","","","","","","","","",""
"640","SAVAGES","RB","T. ALLGEIER","9.8","WEEK 8","","","","","","","","","","","","","","","","","","","","","","","","","","","","","","","","","","","","","","","","","","","","","","","","","","","","","","","","","","","","","",""
"641","SAVAGES","RB","","","WEEK 8","","","","","","","","","","","","","","","","","","","","","","","","","","","","","","","","","","","","","","","","","","","","","","","","","","","","","","","","","","","","","",""
"642","SAVAGES","WR","J. CHASE","21.1","WEEK 8","","","","","","","","","","","","","","","","","","","","","","","","","","","","","","","","","","","","","","","","","","","","","","","","","","","","","","","","","","","","","",""
"643","SAVAGES","WR","D. LONDON","0","WEEK 8","","","","","","","","","","","","","","","","","","","","","","","","","","","","","","","","","","","","","","","","","","","","","","","","","","","","","","","","","","","","","",""
"644","SAVAGES","WR","K. ALLEN","8.4","WEEK 8","","","","","","","","","","","","","","","","","","","","","","","","","","","","","","","","","","","","","","","","","","","","","","","","","","","","","","","","","","","","","",""
"645","SAVAGES","WR","","","WEEK 8","","","","","","","","","","","","","","","","","","","","","","","","","","","","","","","","","","","","","","","","","","","","","","","","","","","","","","","","","","","","","",""
"646","SAVAGES","TE","D. GOEDERT","17.8","WEEK 8","","","","","","","","","","","","","","","","","","","","","","","","","","","","","","","","","","","","","","","","","","","","","","","","","","","","","","","","","","","","","",""
"647","SAVAGES","FLEX","T. HIGGINS","11.4","WEEK 8","","","","","","","","","","","","","","","","","","","","","","","","","","","","","","","","","","","","","","","","","","","","","","","","","","","","","","","","","","","","","",""
"648","SAVAGES","D/ST","MIN D/ST","4.75","WEEK 8","","","","","","","","","","","","","","","","","","","","","","","","","","","","","","","","","","","","","","","","","","","","","","","","","","","","","","","","","","","","","",""
"649","SAVAGES","K","E. PINEIRO","1","WEEK 8","","","","","","","","","","","","","","","","","","","","","","","","","","","","","","","","","","","","","","","","","","","","","","","","","","","","","","","","","","","","","",""
"650","SAVAGES","HC","CIN HC","9.4","WEEK 8","","","","","","","","","","","","","","","","","","","","","","","","","","","","","","","","","","","","","","","","","","","","","","","","","","","","","","","","","","","","","",""
"651","SAVAGES","QB","A. RODGERS","17.32","WEEK 9","","","","","","","","","","","","","","","","","","","","","","","","","","","","","","","","","","","","","","","","","","","","","","","","","","","","","","","","","","","","","",""
"652","SAVAGES","RB","T. ETIENNE","18.7","WEEK 9","","","","","","","","","","","","","","","","","","","","","","","","","","","","","","","","","","","","","","","","","","","","","","","","","","","","","","","","","","","","","",""
"653","SAVAGES","RB","J.K. DOBBINS","8.4","WEEK 9","","","","","","","","","","","","","","","","","","","","","","","","","","","","","","","","","","","","","","","","","","","","","","","","","","","","","","","","","","","","","",""
"654","SAVAGES","RB","","","WEEK 9","","","","","","","","","","","","","","","","","","","","","","","","","","","","","","","","","","","","","","","","","","","","","","","","","","","","","","","","","","","","","",""
"655","SAVAGES","WR","J. CHASE","18.1","WEEK 9","","","","","","","","","","","","","","","","","","","","","","","","","","","","","","","","","","","","","","","","","","","","","","","","","","","","","","","","","","","","","",""
"656","SAVAGES","WR","D. LONDON","39.8","WEEK 9","","","","","","","","","","","","","","","","","","","","","","","","","","","","","","","","","","","","","","","","","","","","","","","","","","","","","","","","","","","","","",""
"657","SAVAGES","WR","K. ALLEN","6.1","WEEK 9","","","","","","","","","","","","","","","","","","","","","","","","","","","","","","","","","","","","","","","","","","","","","","","","","","","","","","","","","","","","","",""
"658","SAVAGES","WR","","","WEEK 9","","","","","","","","","","","","","","","","","","","","","","","","","","","","","","","","","","","","","","","","","","","","","","","","","","","","","","","","","","","","","",""
"659","SAVAGES","TE","T. MCBRIDE","16.5","WEEK 9","","","","","","","","","","","","","","","","","","","","","","","","","","","","","","","","","","","","","","","","","","","","","","","","","","","","","","","","","","","","","",""
"660","SAVAGES","FLEX","A. JEANTY","21.2","WEEK 9","","","","","","","","","","","","","","","","","","","","","","","","","","","","","","","","","","","","","","","","","","","","","","","","","","","","","","","","","","","","","",""
"661","SAVAGES","D/ST","DET D/ST","23.7","WEEK 9","","","","","","","","","","","","","","","","","","","","","","","","","","","","","","","","","","","","","","","","","","","","","","","","","","","","","","","","","","","","","",""
"662","SAVAGES","K","E. PINEIRO","13","WEEK 9","","","","","","","","","","","","","","","","","","","","","","","","","","","","","","","","","","","","","","","","","","","","","","","","","","","","","","","","","","","","","",""
"663","SAVAGES","HC","CIN HC","9.6","WEEK 9","","","","","","","","","","","","","","","","","","","","","","","","","","","","","","","","","","","","","","","","","","","","","","","","","","","","","","","","","","","","","",""
"664","SAVAGES","QB","J. GOFF","35.2","WEEK 10","","","","","","","","","","","","","","","","","","","","","","","","","","","","","","","","","","","","","","","","","","","","","","","","","","","","","","","","","","","","","",""
"665","SAVAGES","RB","A. JEANTY","17.2","WEEK 10","","","","","","","","","","","","","","","","","","","","","","","","","","","","","","","","","","","","","","","","","","","","","","","","","","","","","","","","","","","","","",""
"666","SAVAGES","RB","J. DOBBINS","11.2","WEEK 10","","","","","","","","","","","","","","","","","","","","","","","","","","","","","","","","","","","","","","","","","","","","","","","","","","","","","","","","","","","","","",""
"667","SAVAGES","RB","","","WEEK 10","","","","","","","","","","","","","","","","","","","","","","","","","","","","","","","","","","","","","","","","","","","","","","","","","","","","","","","","","","","","","",""
"668","SAVAGES","WR","D. LONDON","25.4","WEEK 10","","","","","","","","","","","","","","","","","","","","","","","","","","","","","","","","","","","","","","","","","","","","","","","","","","","","","","","","","","","","","",""
"669","SAVAGES","WR","Q. JOHNSTON","9.2","WEEK 10","","","","","","","","","","","","","","","","","","","","","","","","","","","","","","","","","","","","","","","","","","","","","","","","","","","","","","","","","","","","","",""
"670","SAVAGES","WR","K. ALLEN","3.9","WEEK 10","","","","","","","","","","","","","","","","","","","","","","","","","","","","","","","","","","","","","","","","","","","","","","","","","","","","","","","","","","","","","",""
"671","SAVAGES","WR","","","WEEK 10","","","","","","","","","","","","","","","","","","","","","","","","","","","","","","","","","","","","","","","","","","","","","","","","","","","","","","","","","","","","","",""
"672","SAVAGES","TE","T. MCBRIDE","28.7","WEEK 10","","","","","","","","","","","","","","","","","","","","","","","","","","","","","","","","","","","","","","","","","","","","","","","","","","","","","","","","","","","","","",""
"673","SAVAGES","FLEX","T. ETIENNE","17.3","WEEK 10","","","","","","","","","","","","","","","","","","","","","","","","","","","","","","","","","","","","","","","","","","","","","","","","","","","","","","","","","","","","","",""
"674","SAVAGES","D/ST","DET D/ST","8.24","WEEK 10","","","","","","","","","","","","","","","","","","","","","","","","","","","","","","","","","","","","","","","","","","","","","","","","","","","","","","","","","","","","","",""
"675","SAVAGES","K","E. PINEIRO","2","WEEK 10","","","","","","","","","","","","","","","","","","","","","","","","","","","","","","","","","","","","","","","","","","","","","","","","","","","","","","","","","","","","","",""
"676","SAVAGES","HC","CAR HC","-1.9","WEEK 10","","","","","","","","","","","","","","","","","","","","","","","","","","","","","","","","","","","","","","","","","","","","","","","","","","","","","","","","","","","","","",""
"690","SAVAGES","QB","J. GOFF","23.16","WEEK 12","","","","","","","","","","","","","","","","","","","","","","","","","","","","","","","","","","","","","","","","","","","","","","","","","","","","","","","","","","","","","",""
"691","SAVAGES","RB","A. JEANTY","26.5","WEEK 12","","","","","","","","","","","","","","","","","","","","","","","","","","","","","","","","","","","","","","","","","","","","","","","","","","","","","","","","","","","","","",""
"692","SAVAGES","RB","T. ETIENNE","22.1","WEEK 12","","","","","","","","","","","","","","","","","","","","","","","","","","","","","","","","","","","","","","","","","","","","","","","","","","","","","","","","","","","","","",""
"693","SAVAGES","RB","","","WEEK 12","","","","","","","","","","","","","","","","","","","","","","","","","","","","","","","","","","","","","","","","","","","","","","","","","","","","","","","","","","","","","",""
"694","SAVAGES","WR","J. CHASE","0","WEEK 12","","","","","","","","","","","","","","","","","","","","","","","","","","","","","","","","","","","","","","","","","","","","","","","","","","","","","","","","","","","","","",""
"695","SAVAGES","WR","T. HIGGINS","8.1","WEEK 12","","","","","","","","","","","","","","","","","","","","","","","","","","","","","","","","","","","","","","","","","","","","","","","","","","","","","","","","","","","","","",""
"696","SAVAGES","WR","D. MOONEY","16.4","WEEK 12","","","","","","","","","","","","","","","","","","","","","","","","","","","","","","","","","","","","","","","","","","","","","","","","","","","","","","","","","","","","","",""
"697","SAVAGES","WR","","","WEEK 12","","","","","","","","","","","","","","","","","","","","","","","","","","","","","","","","","","","","","","","","","","","","","","","","","","","","","","","","","","","","","",""
"698","SAVAGES","TE","T. MCBRIDE","16.9","WEEK 12","","","","","","","","","","","","","","","","","","","","","","","","","","","","","","","","","","","","","","","","","","","","","","","","","","","","","","","","","","","","","",""
"699","SAVAGES","FLEX","D. GOEDERT","4","WEEK 12","","","","","","","","","","","","","","","","","","","","","","","","","","","","","","","","","","","","","","","","","","","","","","","","","","","","","","","","","","","","","",""
"700","SAVAGES","D/ST","DET D/ST","4.15","WEEK 12","","","","","","","","","","","","","","","","","","","","","","","","","","","","","","","","","","","","","","","","","","","","","","","","","","","","","","","","","","","","","",""
"701","SAVAGES","K","C. MCLAUGHLIN","1","WEEK 12","","","","","","","","","","","","","","","","","","","","","","","","","","","","","","","","","","","","","","","","","","","","","","","","","","","","","","","","","","","","","",""
"702","SAVAGES","HC","SF HC","10","WEEK 12","","","","","","","","","","","","","","","","","","","","","","","","","","","","","","","","","","","","","","","","","","","","","","","","","","","","","","","","","","","","","",""
"703","SAVAGES","QB","J. GOFF","27.54","WEEK 13","","","","","","","","","","","","","","","","","","","","","","","","","","","","","","","","","","","","","","","","","","","","","","","","","","","","","","","","","","","","","",""
"704","SAVAGES","RB","A. JEANTY","13.6","WEEK 13","","","","","","","","","","","","","","","","","","","","","","","","","","","","","","","","","","","","","","","","","","","","","","","","","","","","","","","","","","","","","",""
"705","SAVAGES","RB","T. ETIENNE","6.3","WEEK 13","","","","","","","","","","","","","","","","","","","","","","","","","","","","","","","","","","","","","","","","","","","","","","","","","","","","","","","","","","","","","",""
"706","SAVAGES","RB","","","WEEK 13","","","","","","","","","","","","","","","","","","","","","","","","","","","","","","","","","","","","","","","","","","","","","","","","","","","","","","","","","","","","","",""
"707","SAVAGES","WR","J. CHASE","19","WEEK 13","","","","","","","","","","","","","","","","","","","","","","","","","","","","","","","","","","","","","","","","","","","","","","","","","","","","","","","","","","","","","",""
"708","SAVAGES","WR","T. HIGGINS","0","WEEK 13","","","","","","","","","","","","","","","","","","","","","","","","","","","","","","","","","","","","","","","","","","","","","","","","","","","","","","","","","","","","","",""
"709","SAVAGES","WR","D. MOONEY","4.5","WEEK 13","","","","","","","","","","","","","","","","","","","","","","","","","","","","","","","","","","","","","","","","","","","","","","","","","","","","","","","","","","","","","",""
"710","SAVAGES","WR","","","WEEK 13","","","","","","","","","","","","","","","","","","","","","","","","","","","","","","","","","","","","","","","","","","","","","","","","","","","","","","","","","","","","","",""
"711","SAVAGES","TE","T. MCBRIDE","22.2","WEEK 13","","","","","","","","","","","","","","","","","","","","","","","","","","","","","","","","","","","","","","","","","","","","","","","","","","","","","","","","","","","","","",""
"712","SAVAGES","FLEX","D. GOEDERT","4.7","WEEK 13","","","","","","","","","","","","","","","","","","","","","","","","","","","","","","","","","","","","","","","","","","","","","","","","","","","","","","","","","","","","","",""
"713","SAVAGES","D/ST","DET D/ST","2.73","WEEK 13","","","","","","","","","","","","","","","","","","","","","","","","","","","","","","","","","","","","","","","","","","","","","","","","","","","","","","","","","","","","","",""
"714","SAVAGES","K","C. MCLAUGHLIN","11","WEEK 13","","","","","","","","","","","","","","","","","","","","","","","","","","","","","","","","","","","","","","","","","","","","","","","","","","","","","","","","","","","","","",""
"715","SAVAGES","HC","SF HC","13.8","WEEK 13","","","","","","","","","","","","","","","","","","","","","","","","","","","","","","","","","","","","","","","","","","","","","","","","","","","","","","","","","","","","","",""
"716","SAVAGES","QB","J. GOFF","22.56","WEEK 14","","","","","","","","","","","","","","","","","","","","","","","","","","","","","","","","","","","","","","","","","","","","","","","","","","","","","","","","","","","","","",""
"717","SAVAGES","RB","A. JEANTY","6.8","WEEK 14","","","","","","","","","","","","","","","","","","","","","","","","","","","","","","","","","","","","","","","","","","","","","","","","","","","","","","","","","","","","","",""
"718","SAVAGES","RB","T. ETIENNE","23.2","WEEK 14","","","","","","","","","","","","","","","","","","","","","","","","","","","","","","","","","","","","","","","","","","","","","","","","","","","","","","","","","","","","","",""
"719","SAVAGES","RB","","","WEEK 14","","","","","","","","","","","","","","","","","","","","","","","","","","","","","","","","","","","","","","","","","","","","","","","","","","","","","","","","","","","","","",""
"720","SAVAGES","WR","J. CHASE","10.3","WEEK 14","","","","","","","","","","","","","","","","","","","","","","","","","","","","","","","","","","","","","","","","","","","","","","","","","","","","","","","","","","","","","",""
"721","SAVAGES","WR","T. HIGGINS","27.2","WEEK 14","","","","","","","","","","","","","","","","","","","","","","","","","","","","","","","","","","","","","","","","","","","","","","","","","","","","","","","","","","","","","",""
"722","SAVAGES","WR","K. ALLEN","5.2","WEEK 14","","","","","","","","","","","","","","","","","","","","","","","","","","","","","","","","","","","","","","","","","","","","","","","","","","","","","","","","","","","","","",""
"723","SAVAGES","WR","","","WEEK 14","","","","","","","","","","","","","","","","","","","","","","","","","","","","","","","","","","","","","","","","","","","","","","","","","","","","","","","","","","","","","",""
"724","SAVAGES","TE","T. MCBRIDE","10.8","WEEK 14","","","","","","","","","","","","","","","","","","","","","","","","","","","","","","","","","","","","","","","","","","","","","","","","","","","","","","","","","","","","","",""
"725","SAVAGES","FLEX","D. GOEDERT","15.8","WEEK 14","","","","","","","","","","","","","","","","","","","","","","","","","","","","","","","","","","","","","","","","","","","","","","","","","","","","","","","","","","","","","",""
"726","SAVAGES","D/ST","MIN D/ST","22.39","WEEK 14","","","","","","","","","","","","","","","","","","","","","","","","","","","","","","","","","","","","","","","","","","","","","","","","","","","","","","","","","","","","","",""
"727","SAVAGES","K","C. MCLAUGHLIN","9","WEEK 14","","","","","","","","","","","","","","","","","","","","","","","","","","","","","","","","","","","","","","","","","","","","","","","","","","","","","","","","","","","","","",""
"728","SAVAGES","HC","SF HC","0","WEEK 14","","","","","","","","","","","","","","","","","","","","","","","","","","","","","","","","","","","","","","","","","","","","","","","","","","","","","","","","","","","","","",""
"729","CHAMPS","QB","J. HERBERT","38.82","WEEK 1","","","","","","","","","","","","","","","","","","","","","","","","","","","","","","","","","","","","","","","","","","","","","","","","","","","","","","","","","","","","","",""
"730","CHAMPS","RB","J. GIBBS","15.9","WEEK 1","","","","","","","","","","","","","","","","","","","","","","","","","","","","","","","","","","","","","","","","","","","","","","","","","","","","","","","","","","","","","",""
"731","CHAMPS","RB","J. JACOBS","15.9","WEEK 1","","","","","","","","","","","","","","","","","","","","","","","","","","","","","","","","","","","","","","","","","","","","","","","","","","","","","","","","","","","","","",""
"732","CHAMPS","RB","","","WEEK 1","","","","","","","","","","","","","","","","","","","","","","","","","","","","","","","","","","","","","","","","","","","","","","","","","","","","","","","","","","","","","",""
"733","CHAMPS","WR","D. ADAMS","9.1","WEEK 1","","","","","","","","","","","","","","","","","","","","","","","","","","","","","","","","","","","","","","","","","","","","","","","","","","","","","","","","","","","","","",""
"734","CHAMPS","WR","M. HARRISON JR","18.1","WEEK 1","","","","","","","","","","","","","","","","","","","","","","","","","","","","","","","","","","","","","","","","","","","","","","","","","","","","","","","","","","","","","",""
"735","CHAMPS","WR","G. WILSON","22.5","WEEK 1","","","","","","","","","","","","","","","","","","","","","","","","","","","","","","","","","","","","","","","","","","","","","","","","","","","","","","","","","","","","","",""
"736","CHAMPS","WR","","","WEEK 1","","","","","","","","","","","","","","","","","","","","","","","","","","","","","","","","","","","","","","","","","","","","","","","","","","","","","","","","","","","","","",""
"737","CHAMPS","TE","D. NJOKU","6.7","WEEK 1","","","","","","","","","","","","","","","","","","","","","","","","","","","","","","","","","","","","","","","","","","","","","","","","","","","","","","","","","","","","","",""
"738","CHAMPS","FLEX","K. WILLIAMS","15.7","WEEK 1","","","","","","","","","","","","","","","","","","","","","","","","","","","","","","","","","","","","","","","","","","","","","","","","","","","","","","","","","","","","","",""
"739","CHAMPS","D/ST","MIN D/DT","19.09","WEEK 1","","","","","","","","","","","","","","","","","","","","","","","","","","","","","","","","","","","","","","","","","","","","","","","","","","","","","","","","","","","","","",""
"740","CHAMPS","K","C. DICKER","9","WEEK 1","","","","","","","","","","","","","","","","","","","","","","","","","","","","","","","","","","","","","","","","","","","","","","","","","","","","","","","","","","","","","",""
"741","CHAMPS","HC","CIN HC","7.1","WEEK 1","","","","","","","","","","","","","","","","","","","","","","","","","","","","","","","","","","","","","","","","","","","","","","","","","","","","","","","","","","","","","",""
"742","CHAMPS","QB","J. HERBERT","25.88","WEEK 2","","","","","","","","","","","","","","","","","","","","","","","","","","","","","","","","","","","","","","","","","","","","","","","","","","","","","","","","","","","","","",""
"743","CHAMPS","RB","J. GIBBS","20.6","WEEK 2","","","","","","","","","","","","","","","","","","","","","","","","","","","","","","","","","","","","","","","","","","","","","","","","","","","","","","","","","","","","","",""
"744","CHAMPS","RB","J. JACOBS","16.7","WEEK 2","","","","","","","","","","","","","","","","","","","","","","","","","","","","","","","","","","","","","","","","","","","","","","","","","","","","","","","","","","","","","",""
"745","CHAMPS","RB","","","WEEK 2","","","","","","","","","","","","","","","","","","","","","","","","","","","","","","","","","","","","","","","","","","","","","","","","","","","","","","","","","","","","","",""
"746","CHAMPS","WR","D. ADAMS","23.6","WEEK 2","","","","","","","","","","","","","","","","","","","","","","","","","","","","","","","","","","","","","","","","","","","","","","","","","","","","","","","","","","","","","",""
"747","CHAMPS","WR","M. HARRISON JR","4.7","WEEK 2","","","","","","","","","","","","","","","","","","","","","","","","","","","","","","","","","","","","","","","","","","","","","","","","","","","","","","","","","","","","","",""
"748","CHAMPS","WR","G. WILSON","9","WEEK 2","","","","","","","","","","","","","","","","","","","","","","","","","","","","","","","","","","","","","","","","","","","","","","","","","","","","","","","","","","","","","",""
"749","CHAMPS","WR","","","WEEK 2","","","","","","","","","","","","","","","","","","","","","","","","","","","","","","","","","","","","","","","","","","","","","","","","","","","","","","","","","","","","","",""
"750","CHAMPS","TE","D. NJOKU","8","WEEK 2","","","","","","","","","","","","","","","","","","","","","","","","","","","","","","","","","","","","","","","","","","","","","","","","","","","","","","","","","","","","","",""
"751","CHAMPS","FLEX","K. WILLIAMS","11.7","WEEK 2","","","","","","","","","","","","","","","","","","","","","","","","","","","","","","","","","","","","","","","","","","","","","","","","","","","","","","","","","","","","","",""
"752","CHAMPS","D/ST","MIN D/ST","15.23","WEEK 2","","","","","","","","","","","","","","","","","","","","","","","","","","","","","","","","","","","","","","","","","","","","","","","","","","","","","","","","","","","","","",""
"753","CHAMPS","K","C. DICKER","8","WEEK 2","","","","","","","","","","","","","","","","","","","","","","","","","","","","","","","","","","","","","","","","","","","","","","","","","","","","","","","","","","","","","",""
"754","CHAMPS","HC","CIN HC","11.3","WEEK 2","","","","","","","","","","","","","","","","","","","","","","","","","","","","","","","","","","","","","","","","","","","","","","","","","","","","","","","","","","","","","",""
"755","CHAMPS","QB","J. HERBERT","18.8","WEEK 3","","","","","","","","","","","","","","","","","","","","","","","","","","","","","","","","","","","","","","","","","","","","","","","","","","","","","","","","","","","","","",""
"756","CHAMPS","RB","J. GIBBS","29.1","WEEK 3","","","","","","","","","","","","","","","","","","","","","","","","","","","","","","","","","","","","","","","","","","","","","","","","","","","","","","","","","","","","","",""
"757","CHAMPS","RB","J. JACOBS","14","WEEK 3","","","","","","","","","","","","","","","","","","","","","","","","","","","","","","","","","","","","","","","","","","","","","","","","","","","","","","","","","","","","","",""
"758","CHAMPS","RB","","","WEEK 3","","","","","","","","","","","","","","","","","","","","","","","","","","","","","","","","","","","","","","","","","","","","","","","","","","","","","","","","","","","","","",""
"759","CHAMPS","WR","D. ADAMS","14.6","WEEK 3","","","","","","","","","","","","","","","","","","","","","","","","","","","","","","","","","","","","","","","","","","","","","","","","","","","","","","","","","","","","","",""
"760","CHAMPS","WR","M. HARRISON JR","7.4","WEEK 3","","","","","","","","","","","","","","","","","","","","","","","","","","","","","","","","","","","","","","","","","","","","","","","","","","","","","","","","","","","","","",""
"761","CHAMPS","WR","G. WILSON","24.4","WEEK 3","","","","","","","","","","","","","","","","","","","","","","","","","","","","","","","","","","","","","","","","","","","","","","","","","","","","","","","","","","","","","",""
"762","CHAMPS","WR","","","WEEK 3","","","","","","","","","","","","","","","","","","","","","","","","","","","","","","","","","","","","","","","","","","","","","","","","","","","","","","","","","","","","","",""
"763","CHAMPS","TE","J. JOHNSON","11.1","WEEK 3","","","","","","","","","","","","","","","","","","","","","","","","","","","","","","","","","","","","","","","","","","","","","","","","","","","","","","","","","","","","","",""
"764","CHAMPS","FLEX","D. MONTGOMERY","31.6","WEEK 3","","","","","","","","","","","","","","","","","","","","","","","","","","","","","","","","","","","","","","","","","","","","","","","","","","","","","","","","","","","","","",""
"765","CHAMPS","D/ST","MIN D/ST","54.64","WEEK 3","","","","","","","","","","","","","","","","","","","","","","","","","","","","","","","","","","","","","","","","","","","","","","","","","","","","","","","","","","","","","",""
"766","CHAMPS","K","C. SANTOS","7","WEEK 3","","","","","","","","","","","","","","","","","","","","","","","","","","","","","","","","","","","","","","","","","","","","","","","","","","","","","","","","","","","","","",""
"767","CHAMPS","HC","IND HC","20.3","WEEK 3","","","","","","","","","","","","","","","","","","","","","","","","","","","","","","","","","","","","","","","","","","","","","","","","","","","","","","","","","","","","","",""
"768","CHAMPS","QB","J. HERBERT","14.02","WEEK 4","","","","","","","","","","","","","","","","","","","","","","","","","","","","","","","","","","","","","","","","","","","","","","","","","","","","","","","","","","","","","",""
"769","CHAMPS","RB","J. GIBBS","19.2","WEEK 4","","","","","","","","","","","","","","","","","","","","","","","","","","","","","","","","","","","","","","","","","","","","","","","","","","","","","","","","","","","","","",""
"770","CHAMPS","RB","J. JACOBS","33.9","WEEK 4","","","","","","","","","","","","","","","","","","","","","","","","","","","","","","","","","","","","","","","","","","","","","","","","","","","","","","","","","","","","","",""
"771","CHAMPS","RB","","","WEEK 4","","","","","","","","","","","","","","","","","","","","","","","","","","","","","","","","","","","","","","","","","","","","","","","","","","","","","","","","","","","","","",""
"772","CHAMPS","WR","D. ADAMS","15.6","WEEK 4","","","","","","","","","","","","","","","","","","","","","","","","","","","","","","","","","","","","","","","","","","","","","","","","","","","","","","","","","","","","","",""
"773","CHAMPS","WR","M. HARRISON JR","18.6","WEEK 4","","","","","","","","","","","","","","","","","","","","","","","","","","","","","","","","","","","","","","","","","","","","","","","","","","","","","","","","","","","","","",""
"774","CHAMPS","WR","G. WILSON","20.2","WEEK 4","","","","","","","","","","","","","","","","","","","","","","","","","","","","","","","","","","","","","","","","","","","","","","","","","","","","","","","","","","","","","",""
"775","CHAMPS","WR","","","WEEK 4","","","","","","","","","","","","","","","","","","","","","","","","","","","","","","","","","","","","","","","","","","","","","","","","","","","","","","","","","","","","","",""
"776","CHAMPS","TE","J.JOHNSON","5.8","WEEK 4","","","","","","","","","","","","","","","","","","","","","","","","","","","","","","","","","","","","","","","","","","","","","","","","","","","","","","","","","","","","","",""
"777","CHAMPS","FLEX","D. MONTGOMERY","2.1","WEEK 4","","","","","","","","","","","","","","","","","","","","","","","","","","","","","","","","","","","","","","","","","","","","","","","","","","","","","","","","","","","","","",""
"778","CHAMPS","D/ST","MIN D/ST","15.24","WEEK 4","","","","","","","","","","","","","","","","","","","","","","","","","","","","","","","","","","","","","","","","","","","","","","","","","","","","","","","","","","","","","",""
"779","CHAMPS","K","C. DICKER","5","WEEK 4","","","","","","","","","","","","","","","","","","","","","","","","","","","","","","","","","","","","","","","","","","","","","","","","","","","","","","","","","","","","","",""
"780","CHAMPS","HC","CHI HC","9.5","WEEK 4","","","","","","","","","","","","","","","","","","","","","","","","","","","","","","","","","","","","","","","","","","","","","","","","","","","","","","","","","","","","","",""
"781","CHAMPS","QB","J. HERBERT","19.24","WEEK 5","","","","","","","","","","","","","","","","","","","","","","","","","","","","","","","","","","","","","","","","","","","","","","","","","","","","","","","","","","","","","",""
"782","CHAMPS","RB","J. GIBBS","17.9","WEEK 5","","","","","","","","","","","","","","","","","","","","","","","","","","","","","","","","","","","","","","","","","","","","","","","","","","","","","","","","","","","","","",""
"783","CHAMPS","RB","K. WILLIAMS","32.5","WEEK 5","","","","","","","","","","","","","","","","","","","","","","","","","","","","","","","","","","","","","","","","","","","","","","","","","","","","","","","","","","","","","",""
"784","CHAMPS","RB","","","WEEK 5","","","","","","","","","","","","","","","","","","","","","","","","","","","","","","","","","","","","","","","","","","","","","","","","","","","","","","","","","","","","","",""
"785","CHAMPS","WR","D. ADAMS","13.8","WEEK 5","","","","","","","","","","","","","","","","","","","","","","","","","","","","","","","","","","","","","","","","","","","","","","","","","","","","","","","","","","","","","",""
"786","CHAMPS","WR","M. HARRISON JR","13.8","WEEK 5","","","","","","","","","","","","","","","","","","","","","","","","","","","","","","","","","","","","","","","","","","","","","","","","","","","","","","","","","","","","","",""
"787","CHAMPS","WR","G. WILSON","19.1","WEEK 5","","","","","","","","","","","","","","","","","","","","","","","","","","","","","","","","","","","","","","","","","","","","","","","","","","","","","","","","","","","","","",""
"788","CHAMPS","WR","","","WEEK 5","","","","","","","","","","","","","","","","","","","","","","","","","","","","","","","","","","","","","","","","","","","","","","","","","","","","","","","","","","","","","",""
"789","CHAMPS","TE","J. JOHNSON","3.7","WEEK 5","","","","","","","","","","","","","","","","","","","","","","","","","","","","","","","","","","","","","","","","","","","","","","","","","","","","","","","","","","","","","",""
"790","CHAMPS","FLEX","D. MONTGOMERY","22.22","WEEK 5","","","","","","","","","","","","","","","","","","","","","","","","","","","","","","","","","","","","","","","","","","","","","","","","","","","","","","","","","","","","","",""
"791","CHAMPS","D/ST","MIN D/ST","11.3","WEEK 5","","","","","","","","","","","","","","","","","","","","","","","","","","","","","","","","","","","","","","","","","","","","","","","","","","","","","","","","","","","","","",""
"792","CHAMPS","K","C. DICKER","7","WEEK 5","","","","","","","","","","","","","","","","","","","","","","","","","","","","","","","","","","","","","","","","","","","","","","","","","","","","","","","","","","","","","",""
"793","CHAMPS","HC","ARI HC","4.3","WEEK 5","","","","","","","","","","","","","","","","","","","","","","","","","","","","","","","","","","","","","","","","","","","","","","","","","","","","","","","","","","","","","",""
"794","CHAMPS","QB","J. DANIELS","30.24","WEEK 6","","","","","","","","","","","","","","","","","","","","","","","","","","","","","","","","","","","","","","","","","","","","","","","","","","","","","","","","","","","","","",""
"795","CHAMPS","RB","J. JACOBS","33.8","WEEK 6","","","","","","","","","","","","","","","","","","","","","","","","","","","","","","","","","","","","","","","","","","","","","","","","","","","","","","","","","","","","","",""
"796","CHAMPS","RB","K. WILLIAMS","18","WEEK 6","","","","","","","","","","","","","","","","","","","","","","","","","","","","","","","","","","","","","","","","","","","","","","","","","","","","","","","","","","","","","",""
"797","CHAMPS","RB","","","WEEK 6","","","","","","","","","","","","","","","","","","","","","","","","","","","","","","","","","","","","","","","","","","","","","","","","","","","","","","","","","","","","","",""
"798","CHAMPS","WR","D. ADAMS","7.9","WEEK 6","","","","","","","","","","","","","","","","","","","","","","","","","","","","","","","","","","","","","","","","","","","","","","","","","","","","","","","","","","","","","",""
"799","CHAMPS","WR","M. HARRISON JR.","5.2","WEEK 6","","","","","","","","","","","","","","","","","","","","","","","","","","","","","","","","","","","","","","","","","","","","","","","","","","","","","","","","","","","","","",""
"800","CHAMPS","WR","M. PITTMAN JR","4","WEEK 6","","","","","","","","","","","","","","","","","","","","","","","","","","","","","","","","","","","","","","","","","","","","","","","","","","","","","","","","","","","","","",""
"801","CHAMPS","WR","","","WEEK 6","","","","","","","","","","","","","","","","","","","","","","","","","","","","","","","","","","","","","","","","","","","","","","","","","","","","","","","","","","","","","",""
"802","CHAMPS","TE","D. NJOKU","5.8","WEEK 6","","","","","","","","","","","","","","","","","","","","","","","","","","","","","","","","","","","","","","","","","","","","","","","","","","","","","","","","","","","","","",""
"803","CHAMPS","FLEX","G. WILSON","4.3","WEEK 6","","","","","","","","","","","","","","","","","","","","","","","","","","","","","","","","","","","","","","","","","","","","","","","","","","","","","","","","","","","","","",""
"804","CHAMPS","D/ST","TEN D/ST","12.3","WEEK 6","","","","","","","","","","","","","","","","","","","","","","","","","","","","","","","","","","","","","","","","","","","","","","","","","","","","","","","","","","","","","",""
"805","CHAMPS","K","C. DICKER","17","WEEK 6","","","","","","","","","","","","","","","","","","","","","","","","","","","","","","","","","","","","","","","","","","","","","","","","","","","","","","","","","","","","","",""
"806","CHAMPS","HC","PIT HC","10.9","WEEK 6","","","","","","","","","","","","","","","","","","","","","","","","","","","","","","","","","","","","","","","","","","","","","","","","","","","","","","","","","","","","","",""
"807","CHAMPS","QB","J. DANIELS","20.94","WEEK 7","","","","","","","","","","","","","","","","","","","","","","","","","","","","","","","","","","","","","","","","","","","","","","","","","","","","","","","","","","","","","",""
"808","CHAMPS","RB","J. JACOBS","20.1","WEEK 7","","","","","","","","","","","","","","","","","","","","","","","","","","","","","","","","","","","","","","","","","","","","","","","","","","","","","","","","","","","","","",""
"809","CHAMPS","RB","K. WILLIAMS","9.7","WEEK 7","","","","","","","","","","","","","","","","","","","","","","","","","","","","","","","","","","","","","","","","","","","","","","","","","","","","","","","","","","","","","",""
"810","CHAMPS","RB","","","WEEK 7","","","","","","","","","","","","","","","","","","","","","","","","","","","","","","","","","","","","","","","","","","","","","","","","","","","","","","","","","","","","","",""
"811","CHAMPS","WR","D. ADAMS","26.5","WEEK 7","","","","","","","","","","","","","","","","","","","","","","","","","","","","","","","","","","","","","","","","","","","","","","","","","","","","","","","","","","","","","",""
"812","CHAMPS","WR","M. HARRISON JR.","7.8","WEEK 7","","","","","","","","","","","","","","","","","","","","","","","","","","","","","","","","","","","","","","","","","","","","","","","","","","","","","","","","","","","","","",""
"813","CHAMPS","WR","M. PITTMAN JR.","20.8","WEEK 7","","","","","","","","","","","","","","","","","","","","","","","","","","","","","","","","","","","","","","","","","","","","","","","","","","","","","","","","","","","","","",""
"814","CHAMPS","WR","","","WEEK 7","","","","","","","","","","","","","","","","","","","","","","","","","","","","","","","","","","","","","","","","","","","","","","","","","","","","","","","","","","","","","",""
"815","CHAMPS","TE","J. JOHNSON","12.9","WEEK 7","","","","","","","","","","","","","","","","","","","","","","","","","","","","","","","","","","","","","","","","","","","","","","","","","","","","","","","","","","","","","",""
"816","CHAMPS","FLEX","D. MONTGOMERY","7.2","WEEK 7","","","","","","","","","","","","","","","","","","","","","","","","","","","","","","","","","","","","","","","","","","","","","","","","","","","","","","","","","","","","","",""
"817","CHAMPS","D/ST","CAR D/ST","29.05","WEEK 7","","","","","","","","","","","","","","","","","","","","","","","","","","","","","","","","","","","","","","","","","","","","","","","","","","","","","","","","","","","","","",""
"818","CHAMPS","K","C. DICKER","7","WEEK 7","","","","","","","","","","","","","","","","","","","","","","","","","","","","","","","","","","","","","","","","","","","","","","","","","","","","","","","","","","","","","",""
"819","CHAMPS","HC","PIT HC","7.3","WEEK 7","","","","","","","","","","","","","","","","","","","","","","","","","","","","","","","","","","","","","","","","","","","","","","","","","","","","","","","","","","","","","",""
"820","CHAMPS","QB","J. HERBERT","33.38","WEEK 8","","","","","","","","","","","","","","","","","","","","","","","","","","","","","","","","","","","","","","","","","","","","","","","","","","","","","","","","","","","","","",""
"821","CHAMPS","RB","J. JACOBS","14.8","WEEK 8","","","","","","","","","","","","","","","","","","","","","","","","","","","","","","","","","","","","","","","","","","","","","","","","","","","","","","","","","","","","","",""
"822","CHAMPS","RB","C. BROWN","26.7","WEEK 8","","","","","","","","","","","","","","","","","","","","","","","","","","","","","","","","","","","","","","","","","","","","","","","","","","","","","","","","","","","","","",""
"823","CHAMPS","RB","","","WEEK 8","","","","","","","","","","","","","","","","","","","","","","","","","","","","","","","","","","","","","","","","","","","","","","","","","","","","","","","","","","","","","",""
"824","CHAMPS","WR","M. PITTMAN JR.","23.5","WEEK 8","","","","","","","","","","","","","","","","","","","","","","","","","","","","","","","","","","","","","","","","","","","","","","","","","","","","","","","","","","","","","",""
"825","CHAMPS","WR","T. MCLAURIN","14.4","WEEK 8","","","","","","","","","","","","","","","","","","","","","","","","","","","","","","","","","","","","","","","","","","","","","","","","","","","","","","","","","","","","","",""
"826","CHAMPS","WR","J. NOEL","11.85","WEEK 8","","","","","","","","","","","","","","","","","","","","","","","","","","","","","","","","","","","","","","","","","","","","","","","","","","","","","","","","","","","","","",""
"827","CHAMPS","WR","","","WEEK 8","","","","","","","","","","","","","","","","","","","","","","","","","","","","","","","","","","","","","","","","","","","","","","","","","","","","","","","","","","","","","",""
"828","CHAMPS","TE","D. NJOKU","13.7","WEEK 8","","","","","","","","","","","","","","","","","","","","","","","","","","","","","","","","","","","","","","","","","","","","","","","","","","","","","","","","","","","","","",""
"829","CHAMPS","FLEX","J. JOHNSON","10.3","WEEK 8","","","","","","","","","","","","","","","","","","","","","","","","","","","","","","","","","","","","","","","","","","","","","","","","","","","","","","","","","","","","","",""
"830","CHAMPS","D/ST","NYJ D/ST","5.54","WEEK 8","","","","","","","","","","","","","","","","","","","","","","","","","","","","","","","","","","","","","","","","","","","","","","","","","","","","","","","","","","","","","",""
"831","CHAMPS","K","C. SANTOS","10","WEEK 8","","","","","","","","","","","","","","","","","","","","","","","","","","","","","","","","","","","","","","","","","","","","","","","","","","","","","","","","","","","","","",""
"832","CHAMPS","HC","HOU HC","11.8","WEEK 8","","","","","","","","","","","","","","","","","","","","","","","","","","","","","","","","","","","","","","","","","","","","","","","","","","","","","","","","","","","","","",""
"833","CHAMPS","QB","J. HERBERT","33.6","WEEK 9","","","","","","","","","","","","","","","","","","","","","","","","","","","","","","","","","","","","","","","","","","","","","","","","","","","","","","","","","","","","","",""
"834","CHAMPS","RB","K. WILLIAMS","20.9","WEEK 9","","","","","","","","","","","","","","","","","","","","","","","","","","","","","","","","","","","","","","","","","","","","","","","","","","","","","","","","","","","","","",""
"835","CHAMPS","RB","C. BROWN","20.3","WEEK 9","","","","","","","","","","","","","","","","","","","","","","","","","","","","","","","","","","","","","","","","","","","","","","","","","","","","","","","","","","","","","",""
"836","CHAMPS","RB","","","WEEK 9","","","","","","","","","","","","","","","","","","","","","","","","","","","","","","","","","","","","","","","","","","","","","","","","","","","","","","","","","","","","","",""
"837","CHAMPS","WR","D. ADAMS","23","WEEK 9","","","","","","","","","","","","","","","","","","","","","","","","","","","","","","","","","","","","","","","","","","","","","","","","","","","","","","","","","","","","","",""
"838","CHAMPS","WR","M. HARRISON","22.6","WEEK 9","","","","","","","","","","","","","","","","","","","","","","","","","","","","","","","","","","","","","","","","","","","","","","","","","","","","","","","","","","","","","",""
"839","CHAMPS","WR","M. PITTMAN","21.5","WEEK 9","","","","","","","","","","","","","","","","","","","","","","","","","","","","","","","","","","","","","","","","","","","","","","","","","","","","","","","","","","","","","",""
"840","CHAMPS","WR","","","WEEK 9","","","","","","","","","","","","","","","","","","","","","","","","","","","","","","","","","","","","","","","","","","","","","","","","","","","","","","","","","","","","","",""
"841","CHAMPS","TE","J. JOHNSON","12.1","WEEK 9","","","","","","","","","","","","","","","","","","","","","","","","","","","","","","","","","","","","","","","","","","","","","","","","","","","","","","","","","","","","","",""
"842","CHAMPS","FLEX","D. MONTGOMERY","12.1","WEEK 9","","","","","","","","","","","","","","","","","","","","","","","","","","","","","","","","","","","","","","","","","","","","","","","","","","","","","","","","","","","","","",""
"843","CHAMPS","D/ST","LV D/ST","11.6","WEEK 9","","","","","","","","","","","","","","","","","","","","","","","","","","","","","","","","","","","","","","","","","","","","","","","","","","","","","","","","","","","","","",""
"844","CHAMPS","K","C. SANTOS","9.5","WEEK 9","","","","","","","","","","","","","","","","","","","","","","","","","","","","","","","","","","","","","","","","","","","","","","","","","","","","","","","","","","","","","",""
"845","CHAMPS","HC","BAL HC","16.4","WEEK 9","","","","","","","","","","","","","","","","","","","","","","","","","","","","","","","","","","","","","","","","","","","","","","","","","","","","","","","","","","","","","",""
"846","CHAMPS","QB","J. HERBERT","18.6","WEEK 10","","","","","","","","","","","","","","","","","","","","","","","","","","","","","","","","","","","","","","","","","","","","","","","","","","","","","","","","","","","","","",""
"847","CHAMPS","RB","J. JACOBS","21.8","WEEK 10","","","","","","","","","","","","","","","","","","","","","","","","","","","","","","","","","","","","","","","","","","","","","","","","","","","","","","","","","","","","","",""
"848","CHAMPS","RB","K. WILLIAMS","23.8","WEEK 10","","","","","","","","","","","","","","","","","","","","","","","","","","","","","","","","","","","","","","","","","","","","","","","","","","","","","","","","","","","","","",""
"849","CHAMPS","RB","","","WEEK 10","","","","","","","","","","","","","","","","","","","","","","","","","","","","","","","","","","","","","","","","","","","","","","","","","","","","","","","","","","","","","",""
"850","CHAMPS","WR","D. ADAMS","19.7","WEEK 10","","","","","","","","","","","","","","","","","","","","","","","","","","","","","","","","","","","","","","","","","","","","","","","","","","","","","","","","","","","","","",""
"851","CHAMPS","WR","M. HARRISON","14.3","WEEK 10","","","","","","","","","","","","","","","","","","","","","","","","","","","","","","","","","","","","","","","","","","","","","","","","","","","","","","","","","","","","","",""
"852","CHAMPS","WR","M. PITTMAN","3.9","WEEK 10","","","","","","","","","","","","","","","","","","","","","","","","","","","","","","","","","","","","","","","","","","","","","","","","","","","","","","","","","","","","","",""
"853","CHAMPS","WR","","","WEEK 10","","","","","","","","","","","","","","","","","","","","","","","","","","","","","","","","","","","","","","","","","","","","","","","","","","","","","","","","","","","","","",""
"854","CHAMPS","TE","D. NJOKU","10.1","WEEK 10","","","","","","","","","","","","","","","","","","","","","","","","","","","","","","","","","","","","","","","","","","","","","","","","","","","","","","","","","","","","","",""
"855","CHAMPS","FLEX","D. MONTGOMERY","11.6","WEEK 10","","","","","","","","","","","","","","","","","","","","","","","","","","","","","","","","","","","","","","","","","","","","","","","","","","","","","","","","","","","","","",""
"856","CHAMPS","D/ST","BAL D/ST","19.07","WEEK 10","","","","","","","","","","","","","","","","","","","","","","","","","","","","","","","","","","","","","","","","","","","","","","","","","","","","","","","","","","","","","",""
"857","CHAMPS","K","C. DICKER","14","WEEK 10","","","","","","","","","","","","","","","","","","","","","","","","","","","","","","","","","","","","","","","","","","","","","","","","","","","","","","","","","","","","","",""
"858","CHAMPS","HC","BAL HC","11.1","WEEK 10","","","","","","","","","","","","","","","","","","","","","","","","","","","","","","","","","","","","","","","","","","","","","","","","","","","","","","","","","","","","","",""
"872","CHAMPS","QB","J. LOVE","8.76","WEEK 12","","","","","","","","","","","","","","","","","","","","","","","","","","","","","","","","","","","","","","","","","","","","","","","","","","","","","","","","","","","","","",""
"873","CHAMPS","RB","K. WILLIAMS","7.4","WEEK 12","","","","","","","","","","","","","","","","","","","","","","","","","","","","","","","","","","","","","","","","","","","","","","","","","","","","","","","","","","","","","",""
"874","CHAMPS","RB","D. MONTGOMERY","7.2","WEEK 12","","","","","","","","","","","","","","","","","","","","","","","","","","","","","","","","","","","","","","","","","","","","","","","","","","","","","","","","","","","","","",""
"875","CHAMPS","RB","","","WEEK 12","","","","","","","","","","","","","","","","","","","","","","","","","","","","","","","","","","","","","","","","","","","","","","","","","","","","","","","","","","","","","",""
"876","CHAMPS","WR","D. ADAMS","23.2","WEEK 12","","","","","","","","","","","","","","","","","","","","","","","","","","","","","","","","","","","","","","","","","","","","","","","","","","","","","","","","","","","","","",""
"877","CHAMPS","WR","M. PITTMAN","13.7","WEEK 12","","","","","","","","","","","","","","","","","","","","","","","","","","","","","","","","","","","","","","","","","","","","","","","","","","","","","","","","","","","","","",""
"878","CHAMPS","WR","G. DORTCH","23.35","WEEK 12","","","","","","","","","","","","","","","","","","","","","","","","","","","","","","","","","","","","","","","","","","","","","","","","","","","","","","","","","","","","","",""
"879","CHAMPS","WR","","","WEEK 12","","","","","","","","","","","","","","","","","","","","","","","","","","","","","","","","","","","","","","","","","","","","","","","","","","","","","","","","","","","","","",""
"880","CHAMPS","TE","J. JOHNSON","10.6","WEEK 12","","","","","","","","","","","","","","","","","","","","","","","","","","","","","","","","","","","","","","","","","","","","","","","","","","","","","","","","","","","","","",""
"881","CHAMPS","FLEX","C. BROWN","17.9","WEEK 12","","","","","","","","","","","","","","","","","","","","","","","","","","","","","","","","","","","","","","","","","","","","","","","","","","","","","","","","","","","","","",""
"882","CHAMPS","D/ST","BAL D/ST","21.3","WEEK 12","","","","","","","","","","","","","","","","","","","","","","","","","","","","","","","","","","","","","","","","","","","","","","","","","","","","","","","","","","","","","",""
"883","CHAMPS","K","C. SANTOS","8","WEEK 12","","","","","","","","","","","","","","","","","","","","","","","","","","","","","","","","","","","","","","","","","","","","","","","","","","","","","","","","","","","","","",""
"884","CHAMPS","HC","BAL HC","10.9","WEEK 12","","","","","","","","","","","","","","","","","","","","","","","","","","","","","","","","","","","","","","","","","","","","","","","","","","","","","","","","","","","","","",""
"885","CHAMPS","QB","J. LOVE","35.46","WEEK 13","","","","","","","","","","","","","","","","","","","","","","","","","","","","","","","","","","","","","","","","","","","","","","","","","","","","","","","","","","","","","",""
"886","CHAMPS","RB","K. WILLIAMS","14.5","WEEK 13","","","","","","","","","","","","","","","","","","","","","","","","","","","","","","","","","","","","","","","","","","","","","","","","","","","","","","","","","","","","","",""
"887","CHAMPS","RB","D. MONTGOMERY","13.4","WEEK 13","","","","","","","","","","","","","","","","","","","","","","","","","","","","","","","","","","","","","","","","","","","","","","","","","","","","","","","","","","","","","",""
"888","CHAMPS","RB","","","WEEK 13","","","","","","","","","","","","","","","","","","","","","","","","","","","","","","","","","","","","","","","","","","","","","","","","","","","","","","","","","","","","","",""
"889","CHAMPS","WR","D. ADAMS","21.8","WEEK 13","","","","","","","","","","","","","","","","","","","","","","","","","","","","","","","","","","","","","","","","","","","","","","","","","","","","","","","","","","","","","",""
"890","CHAMPS","WR","M. PITTMAN","2.3","WEEK 13","","","","","","","","","","","","","","","","","","","","","","","","","","","","","","","","","","","","","","","","","","","","","","","","","","","","","","","","","","","","","",""
"891","CHAMPS","WR","G. DORTCH","5.2","WEEK 13","","","","","","","","","","","","","","","","","","","","","","","","","","","","","","","","","","","","","","","","","","","","","","","","","","","","","","","","","","","","","",""
"892","CHAMPS","WR","","","WEEK 13","","","","","","","","","","","","","","","","","","","","","","","","","","","","","","","","","","","","","","","","","","","","","","","","","","","","","","","","","","","","","",""
"893","CHAMPS","TE","J. JOHNSON","8.9","WEEK 13","","","","","","","","","","","","","","","","","","","","","","","","","","","","","","","","","","","","","","","","","","","","","","","","","","","","","","","","","","","","","",""
"894","CHAMPS","FLEX","C. BROWN","19.8","WEEK 13","","","","","","","","","","","","","","","","","","","","","","","","","","","","","","","","","","","","","","","","","","","","","","","","","","","","","","","","","","","","","",""
"895","CHAMPS","D/ST","BAL D/ST","8.1","WEEK 13","","","","","","","","","","","","","","","","","","","","","","","","","","","","","","","","","","","","","","","","","","","","","","","","","","","","","","","","","","","","","",""
"896","CHAMPS","K","C. DICKER","10","WEEK 13","","","","","","","","","","","","","","","","","","","","","","","","","","","","","","","","","","","","","","","","","","","","","","","","","","","","","","","","","","","","","",""
"897","CHAMPS","HC","BAL HC","-1.8","WEEK 13","","","","","","","","","","","","","","","","","","","","","","","","","","","","","","","","","","","","","","","","","","","","","","","","","","","","","","","","","","","","","",""
"898","CHAMPS","QB","J. LOVE","26.36","WEEK 14","","","","","","","","","","","","","","","","","","","","","","","","","","","","","","","","","","","","","","","","","","","","","","","","","","","","","","","","","","","","","",""
"899","CHAMPS","RB","K. WILLIAMS","19","WEEK 14","","","","","","","","","","","","","","","","","","","","","","","","","","","","","","","","","","","","","","","","","","","","","","","","","","","","","","","","","","","","","",""
"900","CHAMPS","RB","D. MONTGOMERY","14.9","WEEK 14","","","","","","","","","","","","","","","","","","","","","","","","","","","","","","","","","","","","","","","","","","","","","","","","","","","","","","","","","","","","","",""
"901","CHAMPS","RB","","","WEEK 14","","","","","","","","","","","","","","","","","","","","","","","","","","","","","","","","","","","","","","","","","","","","","","","","","","","","","","","","","","","","","",""
"902","CHAMPS","WR","D. ADAMS","6.9","WEEK 14","","","","","","","","","","","","","","","","","","","","","","","","","","","","","","","","","","","","","","","","","","","","","","","","","","","","","","","","","","","","","",""
"903","CHAMPS","WR","M. PITTMAN","16.9","WEEK 14","","","","","","","","","","","","","","","","","","","","","","","","","","","","","","","","","","","","","","","","","","","","","","","","","","","","","","","","","","","","","",""
"904","CHAMPS","WR","C. AUSTIN","4.7","WEEK 14","","","","","","","","","","","","","","","","","","","","","","","","","","","","","","","","","","","","","","","","","","","","","","","","","","","","","","","","","","","","","",""
"905","CHAMPS","WR","","","WEEK 14","","","","","","","","","","","","","","","","","","","","","","","","","","","","","","","","","","","","","","","","","","","","","","","","","","","","","","","","","","","","","",""
"906","CHAMPS","TE","J. JOHNSON","7.8","WEEK 14","","","","","","","","","","","","","","","","","","","","","","","","","","","","","","","","","","","","","","","","","","","","","","","","","","","","","","","","","","","","","",""
"907","CHAMPS","FLEX","J. JACOBS","19.2","WEEK 14","","","","","","","","","","","","","","","","","","","","","","","","","","","","","","","","","","","","","","","","","","","","","","","","","","","","","","","","","","","","","",""
"908","CHAMPS","D/ST","BAL D/ST","5.97","WEEK 14","","","","","","","","","","","","","","","","","","","","","","","","","","","","","","","","","","","","","","","","","","","","","","","","","","","","","","","","","","","","","",""
"909","CHAMPS","K","C. DICKER","21","WEEK 14","","","","","","","","","","","","","","","","","","","","","","","","","","","","","","","","","","","","","","","","","","","","","","","","","","","","","","","","","","","","","",""
"910","CHAMPS","HC","BAL HC","3.6","WEEK 14","","","","","","","","","","","","","","","","","","","","","","","","","","","","","","","","","","","","","","","","","","","","","","","","","","","","","","","","","","","","","",""
"911","METAMOOKDAWGS","QB","J. HURTS","28.68","WEEK 1","","","","","","","","","","","","","","","","","","","","","","","","","","","","","","","","","","","","","","","","","","","","","","","","","","","","","","","","","","","","","",""
"912","METAMOOKDAWGS","RB","S. BARKLEY","20.2","WEEK 1","","","","","","","","","","","","","","","","","","","","","","","","","","","","","","","","","","","","","","","","","","","","","","","","","","","","","","","","","","","","","",""
"913","METAMOOKDAWGS","RB","O. HAMPTON","9.6","WEEK 1","","","","","","","","","","","","","","","","","","","","","","","","","","","","","","","","","","","","","","","","","","","","","","","","","","","","","","","","","","","","","",""
"914","METAMOOKDAWGS","RB","","","WEEK 1","","","","","","","","","","","","","","","","","","","","","","","","","","","","","","","","","","","","","","","","","","","","","","","","","","","","","","","","","","","","","",""
"915","METAMOOKDAWGS","WR","N. COLLINS","5.5","WEEK 1","","","","","","","","","","","","","","","","","","","","","","","","","","","","","","","","","","","","","","","","","","","","","","","","","","","","","","","","","","","","","",""
"916","METAMOOKDAWGS","WR","J. SMITH-NJIBA","20.4","WEEK 1","","","","","","","","","","","","","","","","","","","","","","","","","","","","","","","","","","","","","","","","","","","","","","","","","","","","","","","","","","","","","",""
"917","METAMOOKDAWGS","WR","J. JEUDY","11.6","WEEK 1","","","","","","","","","","","","","","","","","","","","","","","","","","","","","","","","","","","","","","","","","","","","","","","","","","","","","","","","","","","","","",""
"918","METAMOOKDAWGS","WR","","","WEEK 1","","","","","","","","","","","","","","","","","","","","","","","","","","","","","","","","","","","","","","","","","","","","","","","","","","","","","","","","","","","","","",""
"919","METAMOOKDAWGS","TE","M. ANDREWS","1.5","WEEK 1","","","","","","","","","","","","","","","","","","","","","","","","","","","","","","","","","","","","","","","","","","","","","","","","","","","","","","","","","","","","","",""
"920","METAMOOKDAWGS","FLEX","J. CONNER","15.6","WEEK 1","","","","","","","","","","","","","","","","","","","","","","","","","","","","","","","","","","","","","","","","","","","","","","","","","","","","","","","","","","","","","",""
"921","METAMOOKDAWGS","D/ST","CHI D/ST","25.21","WEEK 1","","","","","","","","","","","","","","","","","","","","","","","","","","","","","","","","","","","","","","","","","","","","","","","","","","","","","","","","","","","","","",""
"922","METAMOOKDAWGS","K","C. MCLAUGHLIN","4.5","WEEK 1","","","","","","","","","","","","","","","","","","","","","","","","","","","","","","","","","","","","","","","","","","","","","","","","","","","","","","","","","","","","","",""
"923","METAMOOKDAWGS","HC","DEN HC","9","WEEK 1","","","","","","","","","","","","","","","","","","","","","","","","","","","","","","","","","","","","","","","","","","","","","","","","","","","","","","","","","","","","","",""
"924","METAMOOKDAWGS","QB","J. HURTS","14.04","WEEK 2","","","","","","","","","","","","","","","","","","","","","","","","","","","","","","","","","","","","","","","","","","","","","","","","","","","","","","","","","","","","","",""
"925","METAMOOKDAWGS","RB","S. BARKLEY","19.6","WEEK 2","","","","","","","","","","","","","","","","","","","","","","","","","","","","","","","","","","","","","","","","","","","","","","","","","","","","","","","","","","","","","",""
"926","METAMOOKDAWGS","RB","J. CONNER","13.3","WEEK 2","","","","","","","","","","","","","","","","","","","","","","","","","","","","","","","","","","","","","","","","","","","","","","","","","","","","","","","","","","","","","",""
"927","METAMOOKDAWGS","RB","","","WEEK 2","","","","","","","","","","","","","","","","","","","","","","","","","","","","","","","","","","","","","","","","","","","","","","","","","","","","","","","","","","","","","",""
"928","METAMOOKDAWGS","WR","N. COLLINS","14.2","WEEK 2","","","","","","","","","","","","","","","","","","","","","","","","","","","","","","","","","","","","","","","","","","","","","","","","","","","","","","","","","","","","","",""
"929","METAMOOKDAWGS","WR","J. SMITH-NJIBA","19.3","WEEK 2","","","","","","","","","","","","","","","","","","","","","","","","","","","","","","","","","","","","","","","","","","","","","","","","","","","","","","","","","","","","","",""
"930","METAMOOKDAWGS","WR","D. METCALF","11","WEEK 2","","","","","","","","","","","","","","","","","","","","","","","","","","","","","","","","","","","","","","","","","","","","","","","","","","","","","","","","","","","","","",""
"931","METAMOOKDAWGS","WR","","","WEEK 2","","","","","","","","","","","","","","","","","","","","","","","","","","","","","","","","","","","","","","","","","","","","","","","","","","","","","","","","","","","","","",""
"932","METAMOOKDAWGS","TE","M. ANDREWS","1.5","WEEK 2","","","","","","","","","","","","","","","","","","","","","","","","","","","","","","","","","","","","","","","","","","","","","","","","","","","","","","","","","","","","","",""
"933","METAMOOKDAWGS","FLEX","O. HAMPTON","4.3","WEEK 2","","","","","","","","","","","","","","","","","","","","","","","","","","","","","","","","","","","","","","","","","","","","","","","","","","","","","","","","","","","","","",""
"934","METAMOOKDAWGS","D/ST","SEA D/ST","30.05","WEEK 2","","","","","","","","","","","","","","","","","","","","","","","","","","","","","","","","","","","","","","","","","","","","","","","","","","","","","","","","","","","","","",""
"935","METAMOOKDAWGS","K","C. MCLAUGHLIN","0","WEEK 2","","","","","","","","","","","","","","","","","","","","","","","","","","","","","","","","","","","","","","","","","","","","","","","","","","","","","","","","","","","","","",""
"936","METAMOOKDAWGS","HC","DEN HC","6.4","WEEK 2","","","","","","","","","","","","","","","","","","","","","","","","","","","","","","","","","","","","","","","","","","","","","","","","","","","","","","","","","","","","","",""
"937","METAMOOKDAWGS","QB","J. HURTS","37.94","WEEK 3","","","","","","","","","","","","","","","","","","","","","","","","","","","","","","","","","","","","","","","","","","","","","","","","","","","","","","","","","","","","","",""
"938","METAMOOKDAWGS","RB","S. BARKLEY","11.3","WEEK 3","","","","","","","","","","","","","","","","","","","","","","","","","","","","","","","","","","","","","","","","","","","","","","","","","","","","","","","","","","","","","",""
"939","METAMOOKDAWGS","RB","O. HAMPTON","28.3","WEEK 3","","","","","","","","","","","","","","","","","","","","","","","","","","","","","","","","","","","","","","","","","","","","","","","","","","","","","","","","","","","","","",""
"940","METAMOOKDAWGS","RB","","","WEEK 3","","","","","","","","","","","","","","","","","","","","","","","","","","","","","","","","","","","","","","","","","","","","","","","","","","","","","","","","","","","","","",""
"941","METAMOOKDAWGS","WR","N. COLLINS","23.4","WEEK 3","","","","","","","","","","","","","","","","","","","","","","","","","","","","","","","","","","","","","","","","","","","","","","","","","","","","","","","","","","","","","",""
"942","METAMOOKDAWGS","WR","J. SMITH-NJIGBA","20.6","WEEK 3","","","","","","","","","","","","","","","","","","","","","","","","","","","","","","","","","","","","","","","","","","","","","","","","","","","","","","","","","","","","","",""
"943","METAMOOKDAWGS","WR","D. METCALF","12.2","WEEK 3","","","","","","","","","","","","","","","","","","","","","","","","","","","","","","","","","","","","","","","","","","","","","","","","","","","","","","","","","","","","","",""
"944","METAMOOKDAWGS","WR","","","WEEK 3","","","","","","","","","","","","","","","","","","","","","","","","","","","","","","","","","","","","","","","","","","","","","","","","","","","","","","","","","","","","","",""
"945","METAMOOKDAWGS","TE","M. ANDREWS","27.1","WEEK 3","","","","","","","","","","","","","","","","","","","","","","","","","","","","","","","","","","","","","","","","","","","","","","","","","","","","","","","","","","","","","",""
"946","METAMOOKDAWGS","FLEX","J. CONNER","7.6","WEEK 3","","","","","","","","","","","","","","","","","","","","","","","","","","","","","","","","","","","","","","","","","","","","","","","","","","","","","","","","","","","","","",""
"947","METAMOOKDAWGS","D/ST","SEA D/ST","34.72","WEEK 3","","","","","","","","","","","","","","","","","","","","","","","","","","","","","","","","","","","","","","","","","","","","","","","","","","","","","","","","","","","","","",""
"948","METAMOOKDAWGS","K","C. MCLAUGHLIN","23","WEEK 3","","","","","","","","","","","","","","","","","","","","","","","","","","","","","","","","","","","","","","","","","","","","","","","","","","","","","","","","","","","","","",""
"949","METAMOOKDAWGS","HC","DEN HC","4","WEEK 3","","","","","","","","","","","","","","","","","","","","","","","","","","","","","","","","","","","","","","","","","","","","","","","","","","","","","","","","","","","","","",""
"950","METAMOOKDAWGS","QB","J. HURTS","25.5","WEEK 4","","","","","","","","","","","","","","","","","","","","","","","","","","","","","","","","","","","","","","","","","","","","","","","","","","","","","","","","","","","","","",""
"951","METAMOOKDAWGS","RB","S. BARKLEY","19.3","WEEK 4","","","","","","","","","","","","","","","","","","","","","","","","","","","","","","","","","","","","","","","","","","","","","","","","","","","","","","","","","","","","","",""
"952","METAMOOKDAWGS","RB","O. HAMPTON","29.7","WEEK 4","","","","","","","","","","","","","","","","","","","","","","","","","","","","","","","","","","","","","","","","","","","","","","","","","","","","","","","","","","","","","",""
"953","METAMOOKDAWGS","RB","","","WEEK 4","","","","","","","","","","","","","","","","","","","","","","","","","","","","","","","","","","","","","","","","","","","","","","","","","","","","","","","","","","","","","",""
"954","METAMOOKDAWGS","WR","N. COLLINS","11.9","WEEK 4","","","","","","","","","","","","","","","","","","","","","","","","","","","","","","","","","","","","","","","","","","","","","","","","","","","","","","","","","","","","","",""
"955","METAMOOKDAWGS","WR","J. SMITH-NJIGBA","13.3","WEEK 4","","","","","","","","","","","","","","","","","","","","","","","","","","","","","","","","","","","","","","","","","","","","","","","","","","","","","","","","","","","","","",""
"956","METAMOOKDAWGS","WR","D. METCALF","24.6","WEEK 4","","","","","","","","","","","","","","","","","","","","","","","","","","","","","","","","","","","","","","","","","","","","","","","","","","","","","","","","","","","","","",""
"957","METAMOOKDAWGS","WR","","","WEEK 4","","","","","","","","","","","","","","","","","","","","","","","","","","","","","","","","","","","","","","","","","","","","","","","","","","","","","","","","","","","","","",""
"958","METAMOOKDAWGS","TE","M. ANDREWS","10","WEEK 4","","","","","","","","","","","","","","","","","","","","","","","","","","","","","","","","","","","","","","","","","","","","","","","","","","","","","","","","","","","","","",""
"959","METAMOOKDAWGS","FLEX","J. CONNOR","0","WEEK 4","","","","","","","","","","","","","","","","","","","","","","","","","","","","","","","","","","","","","","","","","","","","","","","","","","","","","","","","","","","","","",""
"960","METAMOOKDAWGS","D/ST","SEA D/ST","25.95","WEEK 4","","","","","","","","","","","","","","","","","","","","","","","","","","","","","","","","","","","","","","","","","","","","","","","","","","","","","","","","","","","","","",""
"961","METAMOOKDAWGS","K","C. MCLAUGHLIN","21","WEEK 4","","","","","","","","","","","","","","","","","","","","","","","","","","","","","","","","","","","","","","","","","","","","","","","","","","","","","","","","","","","","","",""
"962","METAMOOKDAWGS","HC","DEN HC","20.4","WEEK 4","","","","","","","","","","","","","","","","","","","","","","","","","","","","","","","","","","","","","","","","","","","","","","","","","","","","","","","","","","","","","",""
"963","METAMOOKDAWGS","QB","J. HURTS","25.3","WEEK 5","","","","","","","","","","","","","","","","","","","","","","","","","","","","","","","","","","","","","","","","","","","","","","","","","","","","","","","","","","","","","",""
"964","METAMOOKDAWGS","RB","S. BARKLEY","18.4","WEEK 5","","","","","","","","","","","","","","","","","","","","","","","","","","","","","","","","","","","","","","","","","","","","","","","","","","","","","","","","","","","","","",""
"965","METAMOOKDAWGS","RB","O. HAMPTON","14.2","WEEK 5","","","","","","","","","","","","","","","","","","","","","","","","","","","","","","","","","","","","","","","","","","","","","","","","","","","","","","","","","","","","","",""
"966","METAMOOKDAWGS","RB","","","WEEK 5","","","","","","","","","","","","","","","","","","","","","","","","","","","","","","","","","","","","","","","","","","","","","","","","","","","","","","","","","","","","","",""
"967","METAMOOKDAWGS","WR","N. COLLINS","16.1","WEEK 5","","","","","","","","","","","","","","","","","","","","","","","","","","","","","","","","","","","","","","","","","","","","","","","","","","","","","","","","","","","","","",""
"968","METAMOOKDAWGS","WR","J. JEUDY","3.5","WEEK 5","","","","","","","","","","","","","","","","","","","","","","","","","","","","","","","","","","","","","","","","","","","","","","","","","","","","","","","","","","","","","",""
"969","METAMOOKDAWGS","WR","C. KUPP","11.9","WEEK 5","","","","","","","","","","","","","","","","","","","","","","","","","","","","","","","","","","","","","","","","","","","","","","","","","","","","","","","","","","","","","",""
"970","METAMOOKDAWGS","WR","","","WEEK 5","","","","","","","","","","","","","","","","","","","","","","","","","","","","","","","","","","","","","","","","","","","","","","","","","","","","","","","","","","","","","",""
"971","METAMOOKDAWGS","TE","B. STRANGE","3.2","WEEK 5","","","","","","","","","","","","","","","","","","","","","","","","","","","","","","","","","","","","","","","","","","","","","","","","","","","","","","","","","","","","","",""
"972","METAMOOKDAWGS","FLEX","J. SMITH-NJIGBA","28.2","WEEK 5","","","","","","","","","","","","","","","","","","","","","","","","","","","","","","","","","","","","","","","","","","","","","","","","","","","","","","","","","","","","","",""
"973","METAMOOKDAWGS","D/ST","SEA D/ST","2.8","WEEK 5","","","","","","","","","","","","","","","","","","","","","","","","","","","","","","","","","","","","","","","","","","","","","","","","","","","","","","","","","","","","","",""
"974","METAMOOKDAWGS","K","C. MCLAUGHLIN","12","WEEK 5","","","","","","","","","","","","","","","","","","","","","","","","","","","","","","","","","","","","","","","","","","","","","","","","","","","","","","","","","","","","","",""
"975","METAMOOKDAWGS","HC","DEN HC","8.3","WEEK 5","","","","","","","","","","","","","","","","","","","","","","","","","","","","","","","","","","","","","","","","","","","","","","","","","","","","","","","","","","","","","",""
"976","METAMOOKDAWGS","QB","J. HURTS","25.52","WEEK 6","","","","","","","","","","","","","","","","","","","","","","","","","","","","","","","","","","","","","","","","","","","","","","","","","","","","","","","","","","","","","",""
"977","METAMOOKDAWGS","RB","S. BARKLEY","9.9","WEEK 6","","","","","","","","","","","","","","","","","","","","","","","","","","","","","","","","","","","","","","","","","","","","","","","","","","","","","","","","","","","","","",""
"978","METAMOOKDAWGS","RB","R. HARVEY","6.7","WEEK 6","","","","","","","","","","","","","","","","","","","","","","","","","","","","","","","","","","","","","","","","","","","","","","","","","","","","","","","","","","","","","",""
"979","METAMOOKDAWGS","RB","","","WEEK 6","","","","","","","","","","","","","","","","","","","","","","","","","","","","","","","","","","","","","","","","","","","","","","","","","","","","","","","","","","","","","",""
"980","METAMOOKDAWGS","WR","J. SMITH-NJIGBA","31.2","WEEK 6","","","","","","","","","","","","","","","","","","","","","","","","","","","","","","","","","","","","","","","","","","","","","","","","","","","","","","","","","","","","","",""
"981","METAMOOKDAWGS","WR","D. METCALF","19.5","WEEK 6","","","","","","","","","","","","","","","","","","","","","","","","","","","","","","","","","","","","","","","","","","","","","","","","","","","","","","","","","","","","","",""
"982","METAMOOKDAWGS","WR","C. KUPP","12","WEEK 6","","","","","","","","","","","","","","","","","","","","","","","","","","","","","","","","","","","","","","","","","","","","","","","","","","","","","","","","","","","","","",""
"983","METAMOOKDAWGS","WR","","","WEEK 6","","","","","","","","","","","","","","","","","","","","","","","","","","","","","","","","","","","","","","","","","","","","","","","","","","","","","","","","","","","","","",""
"984","METAMOOKDAWGS","TE","M. ANDREWS","6.9","WEEK 6","","","","","","","","","","","","","","","","","","","","","","","","","","","","","","","","","","","","","","","","","","","","","","","","","","","","","","","","","","","","","",""
"985","METAMOOKDAWGS","FLEX","J. JEUDY","9.3","WEEK 6","","","","","","","","","","","","","","","","","","","","","","","","","","","","","","","","","","","","","","","","","","","","","","","","","","","","","","","","","","","","","",""
"986","METAMOOKDAWGS","D/ST","SEA D/ST","21.4","WEEK 6","","","","","","","","","","","","","","","","","","","","","","","","","","","","","","","","","","","","","","","","","","","","","","","","","","","","","","","","","","","","","",""
"987","METAMOOKDAWGS","K","C. MCLAUGHLIN","5.5","WEEK 6","","","","","","","","","","","","","","","","","","","","","","","","","","","","","","","","","","","","","","","","","","","","","","","","","","","","","","","","","","","","","",""
"988","METAMOOKDAWGS","HC","DEN HC","5.9","WEEK 6","","","","","","","","","","","","","","","","","","","","","","","","","","","","","","","","","","","","","","","","","","","","","","","","","","","","","","","","","","","","","",""
"989","METAMOOKDAWGS","QB","J. HURTS","34.44","WEEK 7","","","","","","","","","","","","","","","","","","","","","","","","","","","","","","","","","","","","","","","","","","","","","","","","","","","","","","","","","","","","","",""
"990","METAMOOKDAWGS","RB","S. BARKLEY","7","WEEK 7","","","","","","","","","","","","","","","","","","","","","","","","","","","","","","","","","","","","","","","","","","","","","","","","","","","","","","","","","","","","","",""
"991","METAMOOKDAWGS","RB","R. HARVEY","7.6","WEEK 7","","","","","","","","","","","","","","","","","","","","","","","","","","","","","","","","","","","","","","","","","","","","","","","","","","","","","","","","","","","","","",""
"992","METAMOOKDAWGS","RB","","","WEEK 7","","","","","","","","","","","","","","","","","","","","","","","","","","","","","","","","","","","","","","","","","","","","","","","","","","","","","","","","","","","","","",""
"993","METAMOOKDAWGS","WR","N. COLLINS","6.7","WEEK 7","","","","","","","","","","","","","","","","","","","","","","","","","","","","","","","","","","","","","","","","","","","","","","","","","","","","","","","","","","","","","",""
"994","METAMOOKDAWGS","WR","D. METCALF","8","WEEK 7","","","","","","","","","","","","","","","","","","","","","","","","","","","","","","","","","","","","","","","","","","","","","","","","","","","","","","","","","","","","","",""
"995","METAMOOKDAWGS","WR","J. JEUDY","3.7","WEEK 7","","","","","","","","","","","","","","","","","","","","","","","","","","","","","","","","","","","","","","","","","","","","","","","","","","","","","","","","","","","","","",""
"996","METAMOOKDAWGS","WR","","","WEEK 7","","","","","","","","","","","","","","","","","","","","","","","","","","","","","","","","","","","","","","","","","","","","","","","","","","","","","","","","","","","","","",""
"997","METAMOOKDAWGS","TE","M. MAYER","2","WEEK 7","","","","","","","","","","","","","","","","","","","","","","","","","","","","","","","","","","","","","","","","","","","","","","","","","","","","","","","","","","","","","",""
"998","METAMOOKDAWGS","FLEX","J. SMITH-NJIGBA","27.3","WEEK 7","","","","","","","","","","","","","","","","","","","","","","","","","","","","","","","","","","","","","","","","","","","","","","","","","","","","","","","","","","","","","",""
"999","METAMOOKDAWGS","D/ST","SEA D/ST","25.16","WEEK 7","","","","","","","","","","","","","","","","","","","","","","","","","","","","","","","","","","","","","","","","","","","","","","","","","","","","","","","","","","","","","",""
"1000","METAMOOKDAWGS","K","C. MCLAUGHLIN","6","WEEK 7","","","","","","","","","","","","","","","","","","","","","","","","","","","","","","","","","","","","","","","","","","","","","","","","","","","","","","","","","","","","","",""
"1001","METAMOOKDAWGS","HC","DEN HC","11.9","WEEK 7","","","","","","","","","","","","","","","","","","","","","","","","","","","","","","","","","","","","","","","","","","","","","","","","","","","","","","","","","","","","","",""
"1002","METAMOOKDAWGS","QB","J. HURTS","35.76","WEEK 8","","","","","","","","","","","","","","","","","","","","","","","","","","","","","","","","","","","","","","","","","","","","","","","","","","","","","","","","","","","","","",""
"1003","METAMOOKDAWGS","RB","S. BARKLEY","35.8","WEEK 8","","","","","","","","","","","","","","","","","","","","","","","","","","","","","","","","","","","","","","","","","","","","","","","","","","","","","","","","","","","","","",""
"1004","METAMOOKDAWGS","RB","R.J. HARVEY","26.1","WEEK 8","","","","","","","","","","","","","","","","","","","","","","","","","","","","","","","","","","","","","","","","","","","","","","","","","","","","","","","","","","","","","",""
"1005","METAMOOKDAWGS","RB","","","WEEK 8","","","","","","","","","","","","","","","","","","","","","","","","","","","","","","","","","","","","","","","","","","","","","","","","","","","","","","","","","","","","","",""
"1006","METAMOOKDAWGS","WR","D.K. METCALF","16.5","WEEK 8","","","","","","","","","","","","","","","","","","","","","","","","","","","","","","","","","","","","","","","","","","","","","","","","","","","","","","","","","","","","","",""
"1007","METAMOOKDAWGS","WR","J. JEUDY","0","WEEK 8","","","","","","","","","","","","","","","","","","","","","","","","","","","","","","","","","","","","","","","","","","","","","","","","","","","","","","","","","","","","","",""
"1008","METAMOOKDAWGS","WR","EMPTY","0","WEEK 8","","","","","","","","","","","","","","","","","","","","","","","","","","","","","","","","","","","","","","","","","","","","","","","","","","","","","","","","","","","","","",""
"1009","METAMOOKDAWGS","WR","","","WEEK 8","","","","","","","","","","","","","","","","","","","","","","","","","","","","","","","","","","","","","","","","","","","","","","","","","","","","","","","","","","","","","",""
"1010","METAMOOKDAWGS","TE","M. ANDREWS","6.4","WEEK 8","","","","","","","","","","","","","","","","","","","","","","","","","","","","","","","","","","","","","","","","","","","","","","","","","","","","","","","","","","","","","",""
"1011","METAMOOKDAWGS","FLEX","J. SMITH-NJIGBA","0","WEEK 8","","","","","","","","","","","","","","","","","","","","","","","","","","","","","","","","","","","","","","","","","","","","","","","","","","","","","","","","","","","","","",""
"1012","METAMOOKDAWGS","D/ST","CHI D/ST","9.49","WEEK 8","","","","","","","","","","","","","","","","","","","","","","","","","","","","","","","","","","","","","","","","","","","","","","","","","","","","","","","","","","","","","",""
"1013","METAMOOKDAWGS","K","C. MCLAUGHLIN","20","WEEK 8","","","","","","","","","","","","","","","","","","","","","","","","","","","","","","","","","","","","","","","","","","","","","","","","","","","","","","","","","","","","","",""
"1014","METAMOOKDAWGS","HC","DEN HC","21.2","WEEK 8","","","","","","","","","","","","","","","","","","","","","","","","","","","","","","","","","","","","","","","","","","","","","","","","","","","","","","","","","","","","","",""
"1015","METAMOOKDAWGS","QB","D. MAYE","22.16","WEEK 9","","","","","","","","","","","","","","","","","","","","","","","","","","","","","","","","","","","","","","","","","","","","","","","","","","","","","","","","","","","","","",""
"1016","METAMOOKDAWGS","RB","R.J. HARVEY","19.5","WEEK 9","","","","","","","","","","","","","","","","","","","","","","","","","","","","","","","","","","","","","","","","","","","","","","","","","","","","","","","","","","","","","",""
"1017","METAMOOKDAWGS","RB","K. HUNT","13.6","WEEK 9","","","","","","","","","","","","","","","","","","","","","","","","","","","","","","","","","","","","","","","","","","","","","","","","","","","","","","","","","","","","","",""
"1018","METAMOOKDAWGS","RB","","","WEEK 9","","","","","","","","","","","","","","","","","","","","","","","","","","","","","","","","","","","","","","","","","","","","","","","","","","","","","","","","","","","","","",""
"1019","METAMOOKDAWGS","WR","N. COLLINS","14.5","WEEK 9","","","","","","","","","","","","","","","","","","","","","","","","","","","","","","","","","","","","","","","","","","","","","","","","","","","","","","","","","","","","","",""
"1020","METAMOOKDAWGS","WR","J. SMITH-NJIGBA","23.1","WEEK 9","","","","","","","","","","","","","","","","","","","","","","","","","","","","","","","","","","","","","","","","","","","","","","","","","","","","","","","","","","","","","",""
"1021","METAMOOKDAWGS","WR","D.K. METCALF","2.6","WEEK 9","","","","","","","","","","","","","","","","","","","","","","","","","","","","","","","","","","","","","","","","","","","","","","","","","","","","","","","","","","","","","",""
"1022","METAMOOKDAWGS","WR","","","WEEK 9","","","","","","","","","","","","","","","","","","","","","","","","","","","","","","","","","","","","","","","","","","","","","","","","","","","","","","","","","","","","","",""
"1023","METAMOOKDAWGS","TE","M. ANDREWS","16.8","WEEK 9","","","","","","","","","","","","","","","","","","","","","","","","","","","","","","","","","","","","","","","","","","","","","","","","","","","","","","","","","","","","","",""
"1024","METAMOOKDAWGS","FLEX","M. MAYER","5.6","WEEK 9","","","","","","","","","","","","","","","","","","","","","","","","","","","","","","","","","","","","","","","","","","","","","","","","","","","","","","","","","","","","","",""
"1025","METAMOOKDAWGS","D/ST","SEA D/ST","19.9","WEEK 9","","","","","","","","","","","","","","","","","","","","","","","","","","","","","","","","","","","","","","","","","","","","","","","","","","","","","","","","","","","","","",""
"1026","METAMOOKDAWGS","K","J. BATES","5.5","WEEK 9","","","","","","","","","","","","","","","","","","","","","","","","","","","","","","","","","","","","","","","","","","","","","","","","","","","","","","","","","","","","","",""
"1027","METAMOOKDAWGS","HC","DEN HC","7.4","WEEK 9","","","","","","","","","","","","","","","","","","","","","","","","","","","","","","","","","","","","","","","","","","","","","","","","","","","","","","","","","","","","","",""
"1028","METAMOOKDAWGS","QB","J. HURTS","15.32","WEEK 10","","","","","","","","","","","","","","","","","","","","","","","","","","","","","","","","","","","","","","","","","","","","","","","","","","","","","","","","","","","","","",""
"1029","METAMOOKDAWGS","RB","S. BARKLEY","15.3","WEEK 10","","","","","","","","","","","","","","","","","","","","","","","","","","","","","","","","","","","","","","","","","","","","","","","","","","","","","","","","","","","","","",""
"1030","METAMOOKDAWGS","RB","R. HARVEY","5.95","WEEK 10","","","","","","","","","","","","","","","","","","","","","","","","","","","","","","","","","","","","","","","","","","","","","","","","","","","","","","","","","","","","","",""
"1031","METAMOOKDAWGS","RB","","","WEEK 10","","","","","","","","","","","","","","","","","","","","","","","","","","","","","","","","","","","","","","","","","","","","","","","","","","","","","","","","","","","","","",""
"1032","METAMOOKDAWGS","WR","N. COLLINS","23.6","WEEK 10","","","","","","","","","","","","","","","","","","","","","","","","","","","","","","","","","","","","","","","","","","","","","","","","","","","","","","","","","","","","","",""
"1033","METAMOOKDAWGS","WR","J. SMITH-NJIGBA","20.3","WEEK 10","","","","","","","","","","","","","","","","","","","","","","","","","","","","","","","","","","","","","","","","","","","","","","","","","","","","","","","","","","","","","",""
"1034","METAMOOKDAWGS","WR","J. JEUDY","19.8","WEEK 10","","","","","","","","","","","","","","","","","","","","","","","","","","","","","","","","","","","","","","","","","","","","","","","","","","","","","","","","","","","","","",""
"1035","METAMOOKDAWGS","WR","","","WEEK 10","","","","","","","","","","","","","","","","","","","","","","","","","","","","","","","","","","","","","","","","","","","","","","","","","","","","","","","","","","","","","",""
"1036","METAMOOKDAWGS","TE","M. ANDREWS","10.4","WEEK 10","","","","","","","","","","","","","","","","","","","","","","","","","","","","","","","","","","","","","","","","","","","","","","","","","","","","","","","","","","","","","",""
"1037","METAMOOKDAWGS","FLEX","D. METCALF","6.5","WEEK 10","","","","","","","","","","","","","","","","","","","","","","","","","","","","","","","","","","","","","","","","","","","","","","","","","","","","","","","","","","","","","",""
"1038","METAMOOKDAWGS","D/ST","SEA D/ST","30.35","WEEK 10","","","","","","","","","","","","","","","","","","","","","","","","","","","","","","","","","","","","","","","","","","","","","","","","","","","","","","","","","","","","","",""
"1039","METAMOOKDAWGS","K","J. BATES","13","WEEK 10","","","","","","","","","","","","","","","","","","","","","","","","","","","","","","","","","","","","","","","","","","","","","","","","","","","","","","","","","","","","","",""
"1040","METAMOOKDAWGS","HC","DEN HC","5","WEEK 10","","","","","","","","","","","","","","","","","","","","","","","","","","","","","","","","","","","","","","","","","","","","","","","","","","","","","","","","","","","","","",""
"1054","METAMOOKDAWGS","QB","J. HURTS","36.56","WEEK 12","","","","","","","","","","","","","","","","","","","","","","","","","","","","","","","","","","","","","","","","","","","","","","","","","","","","","","","","","","","","","",""
"1055","METAMOOKDAWGS","RB","K. HUNT","24","WEEK 12","","","","","","","","","","","","","","","","","","","","","","","","","","","","","","","","","","","","","","","","","","","","","","","","","","","","","","","","","","","","","",""
"1056","METAMOOKDAWGS","RB","S. TUCKER","6.8","WEEK 12","","","","","","","","","","","","","","","","","","","","","","","","","","","","","","","","","","","","","","","","","","","","","","","","","","","","","","","","","","","","","",""
"1057","METAMOOKDAWGS","RB","","","WEEK 12","","","","","","","","","","","","","","","","","","","","","","","","","","","","","","","","","","","","","","","","","","","","","","","","","","","","","","","","","","","","","",""
"1058","METAMOOKDAWGS","WR","N. COLLINS","8.5","WEEK 12","","","","","","","","","","","","","","","","","","","","","","","","","","","","","","","","","","","","","","","","","","","","","","","","","","","","","","","","","","","","","",""
"1059","METAMOOKDAWGS","WR","J. SMITH-NJIGBA","38.2","WEEK 12","","","","","","","","","","","","","","","","","","","","","","","","","","","","","","","","","","","","","","","","","","","","","","","","","","","","","","","","","","","","","",""
"1060","METAMOOKDAWGS","WR","D. METCALF","14.6","WEEK 12","","","","","","","","","","","","","","","","","","","","","","","","","","","","","","","","","","","","","","","","","","","","","","","","","","","","","","","","","","","","","",""
"1061","METAMOOKDAWGS","WR","","","WEEK 12","","","","","","","","","","","","","","","","","","","","","","","","","","","","","","","","","","","","","","","","","","","","","","","","","","","","","","","","","","","","","",""
"1062","METAMOOKDAWGS","TE","M. ANDREWS","2.3","WEEK 12","","","","","","","","","","","","","","","","","","","","","","","","","","","","","","","","","","","","","","","","","","","","","","","","","","","","","","","","","","","","","",""
"1063","METAMOOKDAWGS","FLEX","S. BARKLEY","13.4","WEEK 12","","","","","","","","","","","","","","","","","","","","","","","","","","","","","","","","","","","","","","","","","","","","","","","","","","","","","","","","","","","","","",""
"1064","METAMOOKDAWGS","D/ST","CHI D/ST","17.7","WEEK 12","","","","","","","","","","","","","","","","","","","","","","","","","","","","","","","","","","","","","","","","","","","","","","","","","","","","","","","","","","","","","",""
"1065","METAMOOKDAWGS","K","J. BATES","13","WEEK 12","","","","","","","","","","","","","","","","","","","","","","","","","","","","","","","","","","","","","","","","","","","","","","","","","","","","","","","","","","","","","",""
"1066","METAMOOKDAWGS","HC","DEN HC","0","WEEK 12","","","","","","","","","","","","","","","","","","","","","","","","","","","","","","","","","","","","","","","","","","","","","","","","","","","","","","","","","","","","","",""
"1067","METAMOOKDAWGS","QB","J. HURTS","20.7","WEEK 13","","","","","","","","","","","","","","","","","","","","","","","","","","","","","","","","","","","","","","","","","","","","","","","","","","","","","","","","","","","","","",""
"1068","METAMOOKDAWGS","RB","R. HARVEY","22.5","WEEK 13","","","","","","","","","","","","","","","","","","","","","","","","","","","","","","","","","","","","","","","","","","","","","","","","","","","","","","","","","","","","","",""
"1069","METAMOOKDAWGS","RB","K. HUNT","10.4","WEEK 13","","","","","","","","","","","","","","","","","","","","","","","","","","","","","","","","","","","","","","","","","","","","","","","","","","","","","","","","","","","","","",""
"1070","METAMOOKDAWGS","RB","","","WEEK 13","","","","","","","","","","","","","","","","","","","","","","","","","","","","","","","","","","","","","","","","","","","","","","","","","","","","","","","","","","","","","",""
"1071","METAMOOKDAWGS","WR","N. COLLINS","21.6","WEEK 13","","","","","","","","","","","","","","","","","","","","","","","","","","","","","","","","","","","","","","","","","","","","","","","","","","","","","","","","","","","","","",""
"1072","METAMOOKDAWGS","WR","J. SMITH-NJIGBA","4.3","WEEK 13","","","","","","","","","","","","","","","","","","","","","","","","","","","","","","","","","","","","","","","","","","","","","","","","","","","","","","","","","","","","","",""
"1073","METAMOOKDAWGS","WR","D. METCALF","6.2","WEEK 13","","","","","","","","","","","","","","","","","","","","","","","","","","","","","","","","","","","","","","","","","","","","","","","","","","","","","","","","","","","","","",""
"1074","METAMOOKDAWGS","WR","","","WEEK 13","","","","","","","","","","","","","","","","","","","","","","","","","","","","","","","","","","","","","","","","","","","","","","","","","","","","","","","","","","","","","",""
"1075","METAMOOKDAWGS","TE","M. ANDREWS","8.7","WEEK 13","","","","","","","","","","","","","","","","","","","","","","","","","","","","","","","","","","","","","","","","","","","","","","","","","","","","","","","","","","","","","",""
"1076","METAMOOKDAWGS","FLEX","S. BARKLEY","6.9","WEEK 13","","","","","","","","","","","","","","","","","","","","","","","","","","","","","","","","","","","","","","","","","","","","","","","","","","","","","","","","","","","","","",""
"1077","METAMOOKDAWGS","D/ST","CHI D/ST","10.86","WEEK 13","","","","","","","","","","","","","","","","","","","","","","","","","","","","","","","","","","","","","","","","","","","","","","","","","","","","","","","","","","","","","",""
"1078","METAMOOKDAWGS","K","J. BATES","6","WEEK 13","","","","","","","","","","","","","","","","","","","","","","","","","","","","","","","","","","","","","","","","","","","","","","","","","","","","","","","","","","","","","",""
"1079","METAMOOKDAWGS","HC","CHI HC","10.2","WEEK 13","","","","","","","","","","","","","","","","","","","","","","","","","","","","","","","","","","","","","","","","","","","","","","","","","","","","","","","","","","","","","",""
"1080","METAMOOKDAWGS","QB","J. HURTS","-2","WEEK 14","","","","","","","","","","","","","","","","","","","","","","","","","","","","","","","","","","","","","","","","","","","","","","","","","","","","","","","","","","","","","",""
"1081","METAMOOKDAWGS","RB","R. HARVEY","23.7","WEEK 14","","","","","","","","","","","","","","","","","","","","","","","","","","","","","","","","","","","","","","","","","","","","","","","","","","","","","","","","","","","","","",""
"1082","METAMOOKDAWGS","RB","K. HUNT","10.2","WEEK 14","","","","","","","","","","","","","","","","","","","","","","","","","","","","","","","","","","","","","","","","","","","","","","","","","","","","","","","","","","","","","",""
"1083","METAMOOKDAWGS","RB","","","WEEK 14","","","","","","","","","","","","","","","","","","","","","","","","","","","","","","","","","","","","","","","","","","","","","","","","","","","","","","","","","","","","","",""
"1084","METAMOOKDAWGS","WR","N. COLLINS","17.1","WEEK 14","","","","","","","","","","","","","","","","","","","","","","","","","","","","","","","","","","","","","","","","","","","","","","","","","","","","","","","","","","","","","",""
"1085","METAMOOKDAWGS","WR","J. SMITH-NJIGBA","28.2","WEEK 14","","","","","","","","","","","","","","","","","","","","","","","","","","","","","","","","","","","","","","","","","","","","","","","","","","","","","","","","","","","","","",""
"1086","METAMOOKDAWGS","WR","D. METCALF","22.8","WEEK 14","","","","","","","","","","","","","","","","","","","","","","","","","","","","","","","","","","","","","","","","","","","","","","","","","","","","","","","","","","","","","",""
"1087","METAMOOKDAWGS","WR","","","WEEK 14","","","","","","","","","","","","","","","","","","","","","","","","","","","","","","","","","","","","","","","","","","","","","","","","","","","","","","","","","","","","","",""
"1088","METAMOOKDAWGS","TE","M. ANDREWS","1.9","WEEK 14","","","","","","","","","","","","","","","","","","","","","","","","","","","","","","","","","","","","","","","","","","","","","","","","","","","","","","","","","","","","","",""
"1089","METAMOOKDAWGS","FLEX","S. BARKLEY","21.2","WEEK 14","","","","","","","","","","","","","","","","","","","","","","","","","","","","","","","","","","","","","","","","","","","","","","","","","","","","","","","","","","","","","",""
"1090","METAMOOKDAWGS","D/ST","SEA D/ST","32.4","WEEK 14","","","","","","","","","","","","","","","","","","","","","","","","","","","","","","","","","","","","","","","","","","","","","","","","","","","","","","","","","","","","","",""
"1091","METAMOOKDAWGS","K","J. BATES","15","WEEK 14","","","","","","","","","","","","","","","","","","","","","","","","","","","","","","","","","","","","","","","","","","","","","","","","","","","","","","","","","","","","","",""
"1092","METAMOOKDAWGS","HC","CHI HC","3.3","WEEK 14","","","","","","","","","","","","","","","","","","","","","","","","","","","","","","","","","","","","","","","","","","","","","","","","","","","","","","","","","","","","","",""
"1093","YARDIES","QB","J. BURROW","12.02","WEEK 1","","","","","","","","","","","","","","","","","","","","","","","","","","","","","","","","","","","","","","","","","","","","","","","","","","","","","","","","","","","","","",""
"1094","YARDIES","RB","D. HENRY","32","WEEK 1","","","","","","","","","","","","","","","","","","","","","","","","","","","","","","","","","","","","","","","","","","","","","","","","","","","","","","","","","","","","","",""
"1095","YARDIES","RB","J. FORD","2.1","WEEK 1","","","","","","","","","","","","","","","","","","","","","","","","","","","","","","","","","","","","","","","","","","","","","","","","","","","","","","","","","","","","","",""
"1096","YARDIES","RB","","","WEEK 1","","","","","","","","","","","","","","","","","","","","","","","","","","","","","","","","","","","","","","","","","","","","","","","","","","","","","","","","","","","","","",""
"1097","YARDIES","WR","J. WILLIAMS","6.7","WEEK 1","","","","","","","","","","","","","","","","","","","","","","","","","","","","","","","","","","","","","","","","","","","","","","","","","","","","","","","","","","","","","",""
"1098","YARDIES","WR","Z. FLOWERS","29.3","WEEK 1","","","","","","","","","","","","","","","","","","","","","","","","","","","","","","","","","","","","","","","","","","","","","","","","","","","","","","","","","","","","","",""
"1099","YARDIES","WR","R. ODUNZE","15.7","WEEK 1","","","","","","","","","","","","","","","","","","","","","","","","","","","","","","","","","","","","","","","","","","","","","","","","","","","","","","","","","","","","","",""
"1100","YARDIES","WR","","","WEEK 1","","","","","","","","","","","","","","","","","","","","","","","","","","","","","","","","","","","","","","","","","","","","","","","","","","","","","","","","","","","","","",""
"1101","YARDIES","TE","B. BOWERS","16.3","WEEK 1","","","","","","","","","","","","","","","","","","","","","","","","","","","","","","","","","","","","","","","","","","","","","","","","","","","","","","","","","","","","","",""
"1102","YARDIES","FLEX","A. EKELER","9.3","WEEK 1","","","","","","","","","","","","","","","","","","","","","","","","","","","","","","","","","","","","","","","","","","","","","","","","","","","","","","","","","","","","","",""
"1103","YARDIES","D/ST","HOU D/ST","14.15","WEEK 1","","","","","","","","","","","","","","","","","","","","","","","","","","","","","","","","","","","","","","","","","","","","","","","","","","","","","","","","","","","","","",""
"1104","YARDIES","K","C. BOSWELL","19","WEEK 1","","","","","","","","","","","","","","","","","","","","","","","","","","","","","","","","","","","","","","","","","","","","","","","","","","","","","","","","","","","","","",""
"1105","YARDIES","HC","DET HC","-0.1","WEEK 1","","","","","","","","","","","","","","","","","","","","","","","","","","","","","","","","","","","","","","","","","","","","","","","","","","","","","","","","","","","","","",""
"1106","YARDIES","QB","J. BURROW","9.24","WEEK 2","","","","","","","","","","","","","","","","","","","","","","","","","","","","","","","","","","","","","","","","","","","","","","","","","","","","","","","","","","","","","",""
"1107","YARDIES","RB","D. HENRY","3.4","WEEK 2","","","","","","","","","","","","","","","","","","","","","","","","","","","","","","","","","","","","","","","","","","","","","","","","","","","","","","","","","","","","","",""
"1108","YARDIES","RB","D. SAMPSON","11.3","WEEK 2","","","","","","","","","","","","","","","","","","","","","","","","","","","","","","","","","","","","","","","","","","","","","","","","","","","","","","","","","","","","","",""
"1109","YARDIES","RB","","","WEEK 2","","","","","","","","","","","","","","","","","","","","","","","","","","","","","","","","","","","","","","","","","","","","","","","","","","","","","","","","","","","","","",""
"1110","YARDIES","WR","J. WILLIAMS","19.8","WEEK 2","","","","","","","","","","","","","","","","","","","","","","","","","","","","","","","","","","","","","","","","","","","","","","","","","","","","","","","","","","","","","",""
"1111","YARDIES","WR","R. ODUNZE","32.8","WEEK 2","","","","","","","","","","","","","","","","","","","","","","","","","","","","","","","","","","","","","","","","","","","","","","","","","","","","","","","","","","","","","",""
"1112","YARDIES","WR","M. MIMS JR","13","WEEK 2","","","","","","","","","","","","","","","","","","","","","","","","","","","","","","","","","","","","","","","","","","","","","","","","","","","","","","","","","","","","","",""
"1113","YARDIES","WR","","","WEEK 2","","","","","","","","","","","","","","","","","","","","","","","","","","","","","","","","","","","","","","","","","","","","","","","","","","","","","","","","","","","","","",""
"1114","YARDIES","TE","B. BOWERS","8.8","WEEK 2","","","","","","","","","","","","","","","","","","","","","","","","","","","","","","","","","","","","","","","","","","","","","","","","","","","","","","","","","","","","","",""
"1115","YARDIES","FLEX","Z. FLOWERS","15","WEEK 2","","","","","","","","","","","","","","","","","","","","","","","","","","","","","","","","","","","","","","","","","","","","","","","","","","","","","","","","","","","","","",""
"1116","YARDIES","D/ST","BAL D/ST","25.79","WEEK 2","","","","","","","","","","","","","","","","","","","","","","","","","","","","","","","","","","","","","","","","","","","","","","","","","","","","","","","","","","","","","",""
"1117","YARDIES","K","C. BOSWELL","12","WEEK 2","","","","","","","","","","","","","","","","","","","","","","","","","","","","","","","","","","","","","","","","","","","","","","","","","","","","","","","","","","","","","",""
"1118","YARDIES","HC","DET HC","27.6","WEEK 2","","","","","","","","","","","","","","","","","","","","","","","","","","","","","","","","","","","","","","","","","","","","","","","","","","","","","","","","","","","","","",""
"1119","YARDIES","QB","J. LOVE","14.92","WEEK 3","","","","","","","","","","","","","","","","","","","","","","","","","","","","","","","","","","","","","","","","","","","","","","","","","","","","","","","","","","","","","",""
"1120","YARDIES","RB","D. HENRY","11.7","WEEK 3","","","","","","","","","","","","","","","","","","","","","","","","","","","","","","","","","","","","","","","","","","","","","","","","","","","","","","","","","","","","","",""
"1121","YARDIES","RB","K. GAINWELL","11.35","WEEK 3","","","","","","","","","","","","","","","","","","","","","","","","","","","","","","","","","","","","","","","","","","","","","","","","","","","","","","","","","","","","","",""
"1122","YARDIES","RB","","","WEEK 3","","","","","","","","","","","","","","","","","","","","","","","","","","","","","","","","","","","","","","","","","","","","","","","","","","","","","","","","","","","","","",""
"1123","YARDIES","WR","J. WILLIAMS","6.3","WEEK 3","","","","","","","","","","","","","","","","","","","","","","","","","","","","","","","","","","","","","","","","","","","","","","","","","","","","","","","","","","","","","",""
"1124","YARDIES","WR","R. ODUNZE","15.2","WEEK 3","","","","","","","","","","","","","","","","","","","","","","","","","","","","","","","","","","","","","","","","","","","","","","","","","","","","","","","","","","","","","",""
"1125","YARDIES","WR","C. RIDLEY","3.7","WEEK 3","","","","","","","","","","","","","","","","","","","","","","","","","","","","","","","","","","","","","","","","","","","","","","","","","","","","","","","","","","","","","",""
"1126","YARDIES","WR","","","WEEK 3","","","","","","","","","","","","","","","","","","","","","","","","","","","","","","","","","","","","","","","","","","","","","","","","","","","","","","","","","","","","","",""
"1127","YARDIES","TE","B. BOWERS","9.8","WEEK 3","","","","","","","","","","","","","","","","","","","","","","","","","","","","","","","","","","","","","","","","","","","","","","","","","","","","","","","","","","","","","",""
"1128","YARDIES","FLEX","Z. FLOWERS","3.3","WEEK 3","","","","","","","","","","","","","","","","","","","","","","","","","","","","","","","","","","","","","","","","","","","","","","","","","","","","","","","","","","","","","",""
"1129","YARDIES","D/ST","HOU D/ST","13.53","WEEK 3","","","","","","","","","","","","","","","","","","","","","","","","","","","","","","","","","","","","","","","","","","","","","","","","","","","","","","","","","","","","","",""
"1130","YARDIES","K","C. BOSWELL","3","WEEK 3","","","","","","","","","","","","","","","","","","","","","","","","","","","","","","","","","","","","","","","","","","","","","","","","","","","","","","","","","","","","","",""
"1131","YARDIES","HC","DET HC","14.40","WEEK 3","","","","","","","","","","","","","","","","","","","","","","","","","","","","","","","","","","","","","","","","","","","","","","","","","","","","","","","","","","","","","",""
"1132","YARDIES","QB","J. LOVE","37.38","WEEK 4","","","","","","","","","","","","","","","","","","","","","","","","","","","","","","","","","","","","","","","","","","","","","","","","","","","","","","","","","","","","","",""
"1133","YARDIES","RB","D. HENRY","8.6","WEEK 4","","","","","","","","","","","","","","","","","","","","","","","","","","","","","","","","","","","","","","","","","","","","","","","","","","","","","","","","","","","","","",""
"1134","YARDIES","RB","Q. JUDKINS","23.6","WEEK 4","","","","","","","","","","","","","","","","","","","","","","","","","","","","","","","","","","","","","","","","","","","","","","","","","","","","","","","","","","","","","",""
"1135","YARDIES","RB","","","WEEK 4","","","","","","","","","","","","","","","","","","","","","","","","","","","","","","","","","","","","","","","","","","","","","","","","","","","","","","","","","","","","","",""
"1136","YARDIES","WR","J. WILLIAMS","5.8","WEEK 4","","","","","","","","","","","","","","","","","","","","","","","","","","","","","","","","","","","","","","","","","","","","","","","","","","","","","","","","","","","","","",""
"1137","YARDIES","WR","Z. FLOWERS","14.4","WEEK 4","","","","","","","","","","","","","","","","","","","","","","","","","","","","","","","","","","","","","","","","","","","","","","","","","","","","","","","","","","","","","",""
"1138","YARDIES","WR","C. RIDLEY","5","WEEK 4","","","","","","","","","","","","","","","","","","","","","","","","","","","","","","","","","","","","","","","","","","","","","","","","","","","","","","","","","","","","","",""
"1139","YARDIES","WR","","","WEEK 4","","","","","","","","","","","","","","","","","","","","","","","","","","","","","","","","","","","","","","","","","","","","","","","","","","","","","","","","","","","","","",""
"1140","YARDIES","TE","B. BOWERS","9.6","WEEK 4","","","","","","","","","","","","","","","","","","","","","","","","","","","","","","","","","","","","","","","","","","","","","","","","","","","","","","","","","","","","","",""
"1141","YARDIES","FLEX","R. ODUNZE","16.9","WEEK 4","","","","","","","","","","","","","","","","","","","","","","","","","","","","","","","","","","","","","","","","","","","","","","","","","","","","","","","","","","","","","",""
"1142","YARDIES","D/ST","HOU D/ST","17.5","WEEK 4","","","","","","","","","","","","","","","","","","","","","","","","","","","","","","","","","","","","","","","","","","","","","","","","","","","","","","","","","","","","","",""
"1143","YARDIES","K","N. FOLK","13","WEEK 4","","","","","","","","","","","","","","","","","","","","","","","","","","","","","","","","","","","","","","","","","","","","","","","","","","","","","","","","","","","","","",""
"1144","YARDIES","HC","DET HC","18.2","WEEK 4","","","","","","","","","","","","","","","","","","","","","","","","","","","","","","","","","","","","","","","","","","","","","","","","","","","","","","","","","","","","","",""
"1145","YARDIES","QB","C. STROUD","40.66","WEEK 5","","","","","","","","","","","","","","","","","","","","","","","","","","","","","","","","","","","","","","","","","","","","","","","","","","","","","","","","","","","","","",""
"1146","YARDIES","RB","D. HENRY","10.8","WEEK 5","","","","","","","","","","","","","","","","","","","","","","","","","","","","","","","","","","","","","","","","","","","","","","","","","","","","","","","","","","","","","",""
"1147","YARDIES","RB","Q. JUDKINS","17.1","WEEK 5","","","","","","","","","","","","","","","","","","","","","","","","","","","","","","","","","","","","","","","","","","","","","","","","","","","","","","","","","","","","","",""
"1148","YARDIES","RB","","","WEEK 5","","","","","","","","","","","","","","","","","","","","","","","","","","","","","","","","","","","","","","","","","","","","","","","","","","","","","","","","","","","","","",""
"1149","YARDIES","WR","J. WILLIAMS","2.1","WEEK 5","","","","","","","","","","","","","","","","","","","","","","","","","","","","","","","","","","","","","","","","","","","","","","","","","","","","","","","","","","","","","",""
"1150","YARDIES","WR","Z. FLOWERS","12.2","WEEK 5","","","","","","","","","","","","","","","","","","","","","","","","","","","","","","","","","","","","","","","","","","","","","","","","","","","","","","","","","","","","","",""
"1151","YARDIES","WR","S. DIGGS","25.6","WEEK 5","","","","","","","","","","","","","","","","","","","","","","","","","","","","","","","","","","","","","","","","","","","","","","","","","","","","","","","","","","","","","",""
"1152","YARDIES","WR","","","WEEK 5","","","","","","","","","","","","","","","","","","","","","","","","","","","","","","","","","","","","","","","","","","","","","","","","","","","","","","","","","","","","","",""
"1153","YARDIES","TE","D. KINCAID","17.8","WEEK 5","","","","","","","","","","","","","","","","","","","","","","","","","","","","","","","","","","","","","","","","","","","","","","","","","","","","","","","","","","","","","",""
"1154","YARDIES","FLEX","R. DOWDLE","36.7","WEEK 5","","","","","","","","","","","","","","","","","","","","","","","","","","","","","","","","","","","","","","","","","","","","","","","","","","","","","","","","","","","","","",""
"1155","YARDIES","D/ST","HOU D/ST","19.86","WEEK 5","","","","","","","","","","","","","","","","","","","","","","","","","","","","","","","","","","","","","","","","","","","","","","","","","","","","","","","","","","","","","",""
"1156","YARDIES","K","N. FOLK","7","WEEK 5","","","","","","","","","","","","","","","","","","","","","","","","","","","","","","","","","","","","","","","","","","","","","","","","","","","","","","","","","","","","","",""
"1157","YARDIES","HC","DET HC","15.1","WEEK 5","","","","","","","","","","","","","","","","","","","","","","","","","","","","","","","","","","","","","","","","","","","","","","","","","","","","","","","","","","","","","",""
"1158","YARDIES","QB","J. LOVE","19.26","WEEK 6","","","","","","","","","","","","","","","","","","","","","","","","","","","","","","","","","","","","","","","","","","","","","","","","","","","","","","","","","","","","","",""
"1159","YARDIES","RB","D. HENRY","17.4","WEEK 6","","","","","","","","","","","","","","","","","","","","","","","","","","","","","","","","","","","","","","","","","","","","","","","","","","","","","","","","","","","","","",""
"1160","YARDIES","RB","Q. JUDKINS","4.8","WEEK 6","","","","","","","","","","","","","","","","","","","","","","","","","","","","","","","","","","","","","","","","","","","","","","","","","","","","","","","","","","","","","",""
"1161","YARDIES","RB","","","WEEK 6","","","","","","","","","","","","","","","","","","","","","","","","","","","","","","","","","","","","","","","","","","","","","","","","","","","","","","","","","","","","","",""
"1162","YARDIES","WR","Z. FLOWERS","8.6","WEEK 6","","","","","","","","","","","","","","","","","","","","","","","","","","","","","","","","","","","","","","","","","","","","","","","","","","","","","","","","","","","","","",""
"1163","YARDIES","WR","R. ODUNZE","5.2","WEEK 6","","","","","","","","","","","","","","","","","","","","","","","","","","","","","","","","","","","","","","","","","","","","","","","","","","","","","","","","","","","","","",""
"1164","YARDIES","WR","S. DIGGS","5.8","WEEK 6","","","","","","","","","","","","","","","","","","","","","","","","","","","","","","","","","","","","","","","","","","","","","","","","","","","","","","","","","","","","","",""
"1165","YARDIES","WR","","","WEEK 6","","","","","","","","","","","","","","","","","","","","","","","","","","","","","","","","","","","","","","","","","","","","","","","","","","","","","","","","","","","","","",""
"1166","YARDIES","TE","M. TAYLOR","1.2","WEEK 6","","","","","","","","","","","","","","","","","","","","","","","","","","","","","","","","","","","","","","","","","","","","","","","","","","","","","","","","","","","","","",""
"1167","YARDIES","FLEX","R. DOWDLE","37.9","WEEK 6","","","","","","","","","","","","","","","","","","","","","","","","","","","","","","","","","","","","","","","","","","","","","","","","","","","","","","","","","","","","","",""
"1168","YARDIES","D/ST","GB D/ST","11.72","WEEK 6","","","","","","","","","","","","","","","","","","","","","","","","","","","","","","","","","","","","","","","","","","","","","","","","","","","","","","","","","","","","","",""
"1169","YARDIES","K","C. BOSWELL","15","WEEK 6","","","","","","","","","","","","","","","","","","","","","","","","","","","","","","","","","","","","","","","","","","","","","","","","","","","","","","","","","","","","","",""
"1170","YARDIES","HC","DET HC","1.1","WEEK 6","","","","","","","","","","","","","","","","","","","","","","","","","","","","","","","","","","","","","","","","","","","","","","","","","","","","","","","","","","","","","",""
"1171","YARDIES","QB","C. STROUD","14.46","WEEK 7","","","","","","","","","","","","","","","","","","","","","","","","","","","","","","","","","","","","","","","","","","","","","","","","","","","","","","","","","","","","","",""
"1172","YARDIES","RB","Q. JUDKINS","28.9","WEEK 7","","","","","","","","","","","","","","","","","","","","","","","","","","","","","","","","","","","","","","","","","","","","","","","","","","","","","","","","","","","","","",""
"1173","YARDIES","RB","R. DOWDLE","12.3","WEEK 7","","","","","","","","","","","","","","","","","","","","","","","","","","","","","","","","","","","","","","","","","","","","","","","","","","","","","","","","","","","","","",""
"1174","YARDIES","RB","","","WEEK 7","","","","","","","","","","","","","","","","","","","","","","","","","","","","","","","","","","","","","","","","","","","","","","","","","","","","","","","","","","","","","",""
"1175","YARDIES","WR","J. WILLIAMS","0","WEEK 7","","","","","","","","","","","","","","","","","","","","","","","","","","","","","","","","","","","","","","","","","","","","","","","","","","","","","","","","","","","","","",""
"1176","YARDIES","WR","R. ODUNZE","5.1","WEEK 7","","","","","","","","","","","","","","","","","","","","","","","","","","","","","","","","","","","","","","","","","","","","","","","","","","","","","","","","","","","","","",""
"1177","YARDIES","WR","S. DIGGS","13.9","WEEK 7","","","","","","","","","","","","","","","","","","","","","","","","","","","","","","","","","","","","","","","","","","","","","","","","","","","","","","","","","","","","","",""
"1178","YARDIES","WR","","","WEEK 7","","","","","","","","","","","","","","","","","","","","","","","","","","","","","","","","","","","","","","","","","","","","","","","","","","","","","","","","","","","","","",""
"1179","YARDIES","TE","H. FANNIN JR.","7.6","WEEK 7","","","","","","","","","","","","","","","","","","","","","","","","","","","","","","","","","","","","","","","","","","","","","","","","","","","","","","","","","","","","","",""
"1180","YARDIES","FLEX","K. VIDAL","8.4","WEEK 7","","","","","","","","","","","","","","","","","","","","","","","","","","","","","","","","","","","","","","","","","","","","","","","","","","","","","","","","","","","","","",""
"1181","YARDIES","D/ST","GB D/ST","19.75","WEEK 7","","","","","","","","","","","","","","","","","","","","","","","","","","","","","","","","","","","","","","","","","","","","","","","","","","","","","","","","","","","","","",""
"1182","YARDIES","K","C. BOSWELL","8","WEEK 7","","","","","","","","","","","","","","","","","","","","","","","","","","","","","","","","","","","","","","","","","","","","","","","","","","","","","","","","","","","","","",""
"1183","YARDIES","HC","DET HC","13.2","WEEK 7","","","","","","","","","","","","","","","","","","","","","","","","","","","","","","","","","","","","","","","","","","","","","","","","","","","","","","","","","","","","","",""
"1184","YARDIES","QB","J. LOVE","39.6","WEEK 8","","","","","","","","","","","","","","","","","","","","","","","","","","","","","","","","","","","","","","","","","","","","","","","","","","","","","","","","","","","","","",""
"1185","YARDIES","RB","D. HENRY","21.2","WEEK 8","","","","","","","","","","","","","","","","","","","","","","","","","","","","","","","","","","","","","","","","","","","","","","","","","","","","","","","","","","","","","",""
"1186","YARDIES","RB","R. DOWDLE","7.65","WEEK 8","","","","","","","","","","","","","","","","","","","","","","","","","","","","","","","","","","","","","","","","","","","","","","","","","","","","","","","","","","","","","",""
"1187","YARDIES","RB","","","WEEK 8","","","","","","","","","","","","","","","","","","","","","","","","","","","","","","","","","","","","","","","","","","","","","","","","","","","","","","","","","","","","","",""
"1188","YARDIES","WR","Z. FLOWERS","14.2","WEEK 8","","","","","","","","","","","","","","","","","","","","","","","","","","","","","","","","","","","","","","","","","","","","","","","","","","","","","","","","","","","","","",""
"1189","YARDIES","WR","R. ODUNZE","19.4","WEEK 8","","","","","","","","","","","","","","","","","","","","","","","","","","","","","","","","","","","","","","","","","","","","","","","","","","","","","","","","","","","","","",""
"1190","YARDIES","WR","C. DIKE","25.25","WEEK 8","","","","","","","","","","","","","","","","","","","","","","","","","","","","","","","","","","","","","","","","","","","","","","","","","","","","","","","","","","","","","",""
"1191","YARDIES","WR","","","WEEK 8","","","","","","","","","","","","","","","","","","","","","","","","","","","","","","","","","","","","","","","","","","","","","","","","","","","","","","","","","","","","","",""
"1192","YARDIES","TE","O. GADSDEN II","18.7","WEEK 8","","","","","","","","","","","","","","","","","","","","","","","","","","","","","","","","","","","","","","","","","","","","","","","","","","","","","","","","","","","","","",""
"1193","YARDIES","FLEX","K. VIDAL","23","WEEK 8","","","","","","","","","","","","","","","","","","","","","","","","","","","","","","","","","","","","","","","","","","","","","","","","","","","","","","","","","","","","","",""
"1194","YARDIES","D/ST","GB D/ST","17.31","WEEK 8","","","","","","","","","","","","","","","","","","","","","","","","","","","","","","","","","","","","","","","","","","","","","","","","","","","","","","","","","","","","","",""
"1195","YARDIES","K","C. BOSWELL","23","WEEK 8","","","","","","","","","","","","","","","","","","","","","","","","","","","","","","","","","","","","","","","","","","","","","","","","","","","","","","","","","","","","","",""
"1196","YARDIES","HC","ATL HC","-5","WEEK 8","","","","","","","","","","","","","","","","","","","","","","","","","","","","","","","","","","","","","","","","","","","","","","","","","","","","","","","","","","","","","",""
"1197","YARDIES","QB","J. LOVE","11.32","WEEK 9","","","","","","","","","","","","","","","","","","","","","","","","","","","","","","","","","","","","","","","","","","","","","","","","","","","","","","","","","","","","","",""
"1198","YARDIES","RB","D. HENRY","16","WEEK 9","","","","","","","","","","","","","","","","","","","","","","","","","","","","","","","","","","","","","","","","","","","","","","","","","","","","","","","","","","","","","",""
"1199","YARDIES","RB","R. DOWDLE","31.6","WEEK 9","","","","","","","","","","","","","","","","","","","","","","","","","","","","","","","","","","","","","","","","","","","","","","","","","","","","","","","","","","","","","",""
"1200","YARDIES","RB","","","WEEK 9","","","","","","","","","","","","","","","","","","","","","","","","","","","","","","","","","","","","","","","","","","","","","","","","","","","","","","","","","","","","","",""
"1201","YARDIES","WR","Z. FLOWERS","11.4","WEEK 9","","","","","","","","","","","","","","","","","","","","","","","","","","","","","","","","","","","","","","","","","","","","","","","","","","","","","","","","","","","","","",""
"1202","YARDIES","WR","R. ODUNZE","0","WEEK 9","","","","","","","","","","","","","","","","","","","","","","","","","","","","","","","","","","","","","","","","","","","","","","","","","","","","","","","","","","","","","",""
"1203","YARDIES","WR","C. DIKE","18.25","WEEK 9","","","","","","","","","","","","","","","","","","","","","","","","","","","","","","","","","","","","","","","","","","","","","","","","","","","","","","","","","","","","","",""
"1204","YARDIES","WR","","","WEEK 9","","","","","","","","","","","","","","","","","","","","","","","","","","","","","","","","","","","","","","","","","","","","","","","","","","","","","","","","","","","","","",""
"1205","YARDIES","TE","B. BOWERS","44.4","WEEK 9","","","","","","","","","","","","","","","","","","","","","","","","","","","","","","","","","","","","","","","","","","","","","","","","","","","","","","","","","","","","","",""
"1206","YARDIES","FLEX","K. VIDAL","4.2","WEEK 9","","","","","","","","","","","","","","","","","","","","","","","","","","","","","","","","","","","","","","","","","","","","","","","","","","","","","","","","","","","","","",""
"1207","YARDIES","D/ST","GB D/ST","13.88","WEEK 9","","","","","","","","","","","","","","","","","","","","","","","","","","","","","","","","","","","","","","","","","","","","","","","","","","","","","","","","","","","","","",""
"1208","YARDIES","K","C. BOSWELL","10","WEEK 9","","","","","","","","","","","","","","","","","","","","","","","","","","","","","","","","","","","","","","","","","","","","","","","","","","","","","","","","","","","","","",""
"1209","YARDIES","HC","DET HC","5.2","WEEK 9","","","","","","","","","","","","","","","","","","","","","","","","","","","","","","","","","","","","","","","","","","","","","","","","","","","","","","","","","","","","","",""
"1210","YARDIES","QB","C. WILLIAMS","28.7","WEEK 10","","","","","","","","","","","","","","","","","","","","","","","","","","","","","","","","","","","","","","","","","","","","","","","","","","","","","","","","","","","","","",""
"1211","YARDIES","RB","D. HENRY","13.4","WEEK 10","","","","","","","","","","","","","","","","","","","","","","","","","","","","","","","","","","","","","","","","","","","","","","","","","","","","","","","","","","","","","",""
"1212","YARDIES","RB","R. DOWDLE","17.1","WEEK 10","","","","","","","","","","","","","","","","","","","","","","","","","","","","","","","","","","","","","","","","","","","","","","","","","","","","","","","","","","","","","",""
"1213","YARDIES","RB","","","WEEK 10","","","","","","","","","","","","","","","","","","","","","","","","","","","","","","","","","","","","","","","","","","","","","","","","","","","","","","","","","","","","","",""
"1214","YARDIES","WR","Z. FLOWERS","12.2","WEEK 10","","","","","","","","","","","","","","","","","","","","","","","","","","","","","","","","","","","","","","","","","","","","","","","","","","","","","","","","","","","","","",""
"1215","YARDIES","WR","R. ODUNZE","20.6","WEEK 10","","","","","","","","","","","","","","","","","","","","","","","","","","","","","","","","","","","","","","","","","","","","","","","","","","","","","","","","","","","","","",""
"1216","YARDIES","WR","S. DIGGS","15.6","WEEK 10","","","","","","","","","","","","","","","","","","","","","","","","","","","","","","","","","","","","","","","","","","","","","","","","","","","","","","","","","","","","","",""
"1217","YARDIES","WR","","","WEEK 10","","","","","","","","","","","","","","","","","","","","","","","","","","","","","","","","","","","","","","","","","","","","","","","","","","","","","","","","","","","","","",""
"1218","YARDIES","TE","B. BOWERS","3.8","WEEK 10","","","","","","","","","","","","","","","","","","","","","","","","","","","","","","","","","","","","","","","","","","","","","","","","","","","","","","","","","","","","","",""
"1219","YARDIES","FLEX","Q. JUDKINS","12.7","WEEK 10","","","","","","","","","","","","","","","","","","","","","","","","","","","","","","","","","","","","","","","","","","","","","","","","","","","","","","","","","","","","","",""
"1220","YARDIES","D/ST","HOU D/ST","27.19","WEEK 10","","","","","","","","","","","","","","","","","","","","","","","","","","","","","","","","","","","","","","","","","","","","","","","","","","","","","","","","","","","","","",""
"1221","YARDIES","K","C. BOSWELL","5.5","WEEK 10","","","","","","","","","","","","","","","","","","","","","","","","","","","","","","","","","","","","","","","","","","","","","","","","","","","","","","","","","","","","","",""
"1222","YARDIES","HC","DET HC","21.2","WEEK 10","","","","","","","","","","","","","","","","","","","","","","","","","","","","","","","","","","","","","","","","","","","","","","","","","","","","","","","","","","","","","",""
"1236","YARDIES","QB","B. PURDY","10.32","WEEK 12","","","","","","","","","","","","","","","","","","","","","","","","","","","","","","","","","","","","","","","","","","","","","","","","","","","","","","","","","","","","","",""
"1237","YARDIES","RB","D. HENRY","24.9","WEEK 12","","","","","","","","","","","","","","","","","","","","","","","","","","","","","","","","","","","","","","","","","","","","","","","","","","","","","","","","","","","","","",""
"1238","YARDIES","RB","R. DOWDLE","12","WEEK 12","","","","","","","","","","","","","","","","","","","","","","","","","","","","","","","","","","","","","","","","","","","","","","","","","","","","","","","","","","","","","",""
"1239","YARDIES","RB","","","WEEK 12","","","","","","","","","","","","","","","","","","","","","","","","","","","","","","","","","","","","","","","","","","","","","","","","","","","","","","","","","","","","","",""
"1240","YARDIES","WR","Z. FLOWERS","12.1","WEEK 12","","","","","","","","","","","","","","","","","","","","","","","","","","","","","","","","","","","","","","","","","","","","","","","","","","","","","","","","","","","","","",""
"1241","YARDIES","WR","S. DIGGS","4","WEEK 12","","","","","","","","","","","","","","","","","","","","","","","","","","","","","","","","","","","","","","","","","","","","","","","","","","","","","","","","","","","","","",""
"1242","YARDIES","WR","C. DIKE","30.8","WEEK 12","","","","","","","","","","","","","","","","","","","","","","","","","","","","","","","","","","","","","","","","","","","","","","","","","","","","","","","","","","","","","",""
"1243","YARDIES","WR","","","WEEK 12","","","","","","","","","","","","","","","","","","","","","","","","","","","","","","","","","","","","","","","","","","","","","","","","","","","","","","","","","","","","","",""
"1244","YARDIES","TE","B. BOWERS","11.5","WEEK 12","","","","","","","","","","","","","","","","","","","","","","","","","","","","","","","","","","","","","","","","","","","","","","","","","","","","","","","","","","","","","",""
"1245","YARDIES","FLEX","Q. JUDKINS","18.3","WEEK 12","","","","","","","","","","","","","","","","","","","","","","","","","","","","","","","","","","","","","","","","","","","","","","","","","","","","","","","","","","","","","",""
"1246","YARDIES","D/ST","GB D/ST","27.98","WEEK 12","","","","","","","","","","","","","","","","","","","","","","","","","","","","","","","","","","","","","","","","","","","","","","","","","","","","","","","","","","","","","",""
"1247","YARDIES","K","C. BOSWELL","4","WEEK 12","","","","","","","","","","","","","","","","","","","","","","","","","","","","","","","","","","","","","","","","","","","","","","","","","","","","","","","","","","","","","",""
"1248","YARDIES","HC","DET HC","13.2","WEEK 12","","","","","","","","","","","","","","","","","","","","","","","","","","","","","","","","","","","","","","","","","","","","","","","","","","","","","","","","","","","","","",""
"1249","YARDIES","QB","J. BURROW","23.94","WEEK 13","","","","","","","","","","","","","","","","","","","","","","","","","","","","","","","","","","","","","","","","","","","","","","","","","","","","","","","","","","","","","",""
"1250","YARDIES","RB","D. HENRY","18.4","WEEK 13","","","","","","","","","","","","","","","","","","","","","","","","","","","","","","","","","","","","","","","","","","","","","","","","","","","","","","","","","","","","","",""
"1251","YARDIES","RB","R. DOWDLE","11.7","WEEK 13","","","","","","","","","","","","","","","","","","","","","","","","","","","","","","","","","","","","","","","","","","","","","","","","","","","","","","","","","","","","","",""
"1252","YARDIES","RB","","","WEEK 13","","","","","","","","","","","","","","","","","","","","","","","","","","","","","","","","","","","","","","","","","","","","","","","","","","","","","","","","","","","","","",""
"1253","YARDIES","WR","Z. FLOWERS","0.6","WEEK 13","","","","","","","","","","","","","","","","","","","","","","","","","","","","","","","","","","","","","","","","","","","","","","","","","","","","","","","","","","","","","",""
"1254","YARDIES","WR","S. DIGGS","5.6","WEEK 13","","","","","","","","","","","","","","","","","","","","","","","","","","","","","","","","","","","","","","","","","","","","","","","","","","","","","","","","","","","","","",""
"1255","YARDIES","WR","C. DIKE","7.6","WEEK 13","","","","","","","","","","","","","","","","","","","","","","","","","","","","","","","","","","","","","","","","","","","","","","","","","","","","","","","","","","","","","",""
"1256","YARDIES","WR","","","WEEK 13","","","","","","","","","","","","","","","","","","","","","","","","","","","","","","","","","","","","","","","","","","","","","","","","","","","","","","","","","","","","","",""
"1257","YARDIES","TE","B. BOWERS","22.3","WEEK 13","","","","","","","","","","","","","","","","","","","","","","","","","","","","","","","","","","","","","","","","","","","","","","","","","","","","","","","","","","","","","",""
"1258","YARDIES","FLEX","Q. JUDKINS","18.2","WEEK 13","","","","","","","","","","","","","","","","","","","","","","","","","","","","","","","","","","","","","","","","","","","","","","","","","","","","","","","","","","","","","",""
"1259","YARDIES","D/ST","HOU D/ST","12.99","WEEK 13","","","","","","","","","","","","","","","","","","","","","","","","","","","","","","","","","","","","","","","","","","","","","","","","","","","","","","","","","","","","","",""
"1260","YARDIES","K","C. BOSWELL","1","WEEK 13","","","","","","","","","","","","","","","","","","","","","","","","","","","","","","","","","","","","","","","","","","","","","","","","","","","","","","","","","","","","","",""
"1261","YARDIES","HC","DET HC","4.2","WEEK 13","","","","","","","","","","","","","","","","","","","","","","","","","","","","","","","","","","","","","","","","","","","","","","","","","","","","","","","","","","","","","",""
"1262","YARDIES","QB","J. BURROW","32.56","WEEK 14","","","","","","","","","","","","","","","","","","","","","","","","","","","","","","","","","","","","","","","","","","","","","","","","","","","","","","","","","","","","","",""
"1263","YARDIES","RB","D. HENRY","13.7","WEEK 14","","","","","","","","","","","","","","","","","","","","","","","","","","","","","","","","","","","","","","","","","","","","","","","","","","","","","","","","","","","","","",""
"1264","YARDIES","RB","Q. JUDKINS","10.8","WEEK 14","","","","","","","","","","","","","","","","","","","","","","","","","","","","","","","","","","","","","","","","","","","","","","","","","","","","","","","","","","","","","",""
"1265","YARDIES","RB","","","WEEK 14","","","","","","","","","","","","","","","","","","","","","","","","","","","","","","","","","","","","","","","","","","","","","","","","","","","","","","","","","","","","","",""
"1266","YARDIES","WR","Z. FLOWERS","21.7","WEEK 14","","","","","","","","","","","","","","","","","","","","","","","","","","","","","","","","","","","","","","","","","","","","","","","","","","","","","","","","","","","","","",""
"1267","YARDIES","WR","C. DIKE","15.35","WEEK 14","","","","","","","","","","","","","","","","","","","","","","","","","","","","","","","","","","","","","","","","","","","","","","","","","","","","","","","","","","","","","",""
"1268","YARDIES","WR","T. MCLAURIN","7.1","WEEK 14","","","","","","","","","","","","","","","","","","","","","","","","","","","","","","","","","","","","","","","","","","","","","","","","","","","","","","","","","","","","","",""
"1269","YARDIES","WR","","","WEEK 14","","","","","","","","","","","","","","","","","","","","","","","","","","","","","","","","","","","","","","","","","","","","","","","","","","","","","","","","","","","","","",""
"1270","YARDIES","TE","B. BOWERS","14.6","WEEK 14","","","","","","","","","","","","","","","","","","","","","","","","","","","","","","","","","","","","","","","","","","","","","","","","","","","","","","","","","","","","","",""
"1271","YARDIES","FLEX","C. SUTTON","12.2","WEEK 14","","","","","","","","","","","","","","","","","","","","","","","","","","","","","","","","","","","","","","","","","","","","","","","","","","","","","","","","","","","","","",""
"1272","YARDIES","D/ST","HOU D/ST","21.73","WEEK 14","","","","","","","","","","","","","","","","","","","","","","","","","","","","","","","","","","","","","","","","","","","","","","","","","","","","","","","","","","","","","",""
"1273","YARDIES","K","C. BOSWELL","9","WEEK 14","","","","","","","","","","","","","","","","","","","","","","","","","","","","","","","","","","","","","","","","","","","","","","","","","","","","","","","","","","","","","",""
"1274","YARDIES","HC","DET HC","17.2","WEEK 14","","","","","","","","","","","","","","","","","","","","","","","","","","","","","","","","","","","","","","","","","","","","","","","","","","","","","","","","","","","","","",""
"1275","MUTTS","QB","L. JACKSON","35.76","WEEK 1","","","","","","","","","","","","","","","","","","","","","","","","","","","","","","","","","","","","","","","","","","","","","","","","","","","","","","","","","","","","","",""
"1276","MUTTS","RB","C. HUBBARD","19.5","WEEK 1","","","","","","","","","","","","","","","","","","","","","","","","","","","","","","","","","","","","","","","","","","","","","","","","","","","","","","","","","","","","","",""
"1277","MUTTS","RB","A. JONES SR","16.5","WEEK 1","","","","","","","","","","","","","","","","","","","","","","","","","","","","","","","","","","","","","","","","","","","","","","","","","","","","","","","","","","","","","",""
"1278","MUTTS","RB","","","WEEK 1","","","","","","","","","","","","","","","","","","","","","","","","","","","","","","","","","","","","","","","","","","","","","","","","","","","","","","","","","","","","","",""
"1279","MUTTS","WR","A. ST. BROWN","8.5","WEEK 1","","","","","","","","","","","","","","","","","","","","","","","","","","","","","","","","","","","","","","","","","","","","","","","","","","","","","","","","","","","","","",""
"1280","MUTTS","WR","M. EVANS","10.1","WEEK 1","","","","","","","","","","","","","","","","","","","","","","","","","","","","","","","","","","","","","","","","","","","","","","","","","","","","","","","","","","","","","",""
"1281","MUTTS","WR","D. SAMUEL","25.2","WEEK 1","","","","","","","","","","","","","","","","","","","","","","","","","","","","","","","","","","","","","","","","","","","","","","","","","","","","","","","","","","","","","",""
"1282","MUTTS","WR","","","WEEK 1","","","","","","","","","","","","","","","","","","","","","","","","","","","","","","","","","","","","","","","","","","","","","","","","","","","","","","","","","","","","","",""
"1283","MUTTS","TE","E. ENGRAM","5.1","WEEK 1","","","","","","","","","","","","","","","","","","","","","","","","","","","","","","","","","","","","","","","","","","","","","","","","","","","","","","","","","","","","","",""
"1284","MUTTS","FLEX","J. COOK","22.5","WEEK 1","","","","","","","","","","","","","","","","","","","","","","","","","","","","","","","","","","","","","","","","","","","","","","","","","","","","","","","","","","","","","",""
"1285","MUTTS","D/ST","PIT D/ST","8.25","WEEK 1","","","","","","","","","","","","","","","","","","","","","","","","","","","","","","","","","","","","","","","","","","","","","","","","","","","","","","","","","","","","","",""
"1286","MUTTS","K","B. AUBREY","12","WEEK 1","","","","","","","","","","","","","","","","","","","","","","","","","","","","","","","","","","","","","","","","","","","","","","","","","","","","","","","","","","","","","",""
"1287","MUTTS","HC","PIT HC","12.2","WEEK 1","","","","","","","","","","","","","","","","","","","","","","","","","","","","","","","","","","","","","","","","","","","","","","","","","","","","","","","","","","","","","",""
"1288","MUTTS","QB","L. JACKSON","36.3","WEEK 2","","","","","","","","","","","","","","","","","","","","","","","","","","","","","","","","","","","","","","","","","","","","","","","","","","","","","","","","","","","","","",""
"1289","MUTTS","RB","C.HUBBARD","19.7","WEEK 2","","","","","","","","","","","","","","","","","","","","","","","","","","","","","","","","","","","","","","","","","","","","","","","","","","","","","","","","","","","","","",""
"1290","MUTTS","RB","B. HALL","6.8","WEEK 2","","","","","","","","","","","","","","","","","","","","","","","","","","","","","","","","","","","","","","","","","","","","","","","","","","","","","","","","","","","","","",""
"1291","MUTTS","RB","","","WEEK 2","","","","","","","","","","","","","","","","","","","","","","","","","","","","","","","","","","","","","","","","","","","","","","","","","","","","","","","","","","","","","",""
"1292","MUTTS","WR","A. ST. BROWN","40.4","WEEK 2","","","","","","","","","","","","","","","","","","","","","","","","","","","","","","","","","","","","","","","","","","","","","","","","","","","","","","","","","","","","","",""
"1293","MUTTS","WR","M. EVANS","10.6","WEEK 2","","","","","","","","","","","","","","","","","","","","","","","","","","","","","","","","","","","","","","","","","","","","","","","","","","","","","","","","","","","","","",""
"1294","MUTTS","WR","D. SAMUEL","21.3","WEEK 2","","","","","","","","","","","","","","","","","","","","","","","","","","","","","","","","","","","","","","","","","","","","","","","","","","","","","","","","","","","","","",""
"1295","MUTTS","WR","","","WEEK 2","","","","","","","","","","","","","","","","","","","","","","","","","","","","","","","","","","","","","","","","","","","","","","","","","","","","","","","","","","","","","",""
"1296","MUTTS","TE","J. FERGUSON","16.8","WEEK 2","","","","","","","","","","","","","","","","","","","","","","","","","","","","","","","","","","","","","","","","","","","","","","","","","","","","","","","","","","","","","",""
"1297","MUTTS","FLEX","J. COOK","29.6","WEEK 2","","","","","","","","","","","","","","","","","","","","","","","","","","","","","","","","","","","","","","","","","","","","","","","","","","","","","","","","","","","","","",""
"1298","MUTTS","D/ST","PIT D/ST","8.9","WEEK 2","","","","","","","","","","","","","","","","","","","","","","","","","","","","","","","","","","","","","","","","","","","","","","","","","","","","","","","","","","","","","",""
"1299","MUTTS","K","B. AUBREY","27","WEEK 2","","","","","","","","","","","","","","","","","","","","","","","","","","","","","","","","","","","","","","","","","","","","","","","","","","","","","","","","","","","","","",""
"1300","MUTTS","HC","BUF HC","17","WEEK 2","","","","","","","","","","","","","","","","","","","","","","","","","","","","","","","","","","","","","","","","","","","","","","","","","","","","","","","","","","","","","",""
"1301","MUTTS","QB","L. JACKSON","36.72","WEEK 3","","","","","","","","","","","","","","","","","","","","","","","","","","","","","","","","","","","","","","","","","","","","","","","","","","","","","","","","","","","","","",""
"1302","MUTTS","RB","J. COOK","23.7","WEEK 3","","","","","","","","","","","","","","","","","","","","","","","","","","","","","","","","","","","","","","","","","","","","","","","","","","","","","","","","","","","","","",""
"1303","MUTTS","RB","C. HUBBARD","11.3","WEEK 3","","","","","","","","","","","","","","","","","","","","","","","","","","","","","","","","","","","","","","","","","","","","","","","","","","","","","","","","","","","","","",""
"1304","MUTTS","RB","","","WEEK 3","","","","","","","","","","","","","","","","","","","","","","","","","","","","","","","","","","","","","","","","","","","","","","","","","","","","","","","","","","","","","",""
"1305","MUTTS","WR","A. ST. BROWN","20.7","WEEK 3","","","","","","","","","","","","","","","","","","","","","","","","","","","","","","","","","","","","","","","","","","","","","","","","","","","","","","","","","","","","","",""
"1306","MUTTS","WR","M. EVANS","13.3","WEEK 3","","","","","","","","","","","","","","","","","","","","","","","","","","","","","","","","","","","","","","","","","","","","","","","","","","","","","","","","","","","","","",""
"1307","MUTTS","WR","D. SAMUEL","9.85","WEEK 3","","","","","","","","","","","","","","","","","","","","","","","","","","","","","","","","","","","","","","","","","","","","","","","","","","","","","","","","","","","","","",""
"1308","MUTTS","WR","","","WEEK 3","","","","","","","","","","","","","","","","","","","","","","","","","","","","","","","","","","","","","","","","","","","","","","","","","","","","","","","","","","","","","",""
"1309","MUTTS","TE","J. FERGUSON","21.2","WEEK 3","","","","","","","","","","","","","","","","","","","","","","","","","","","","","","","","","","","","","","","","","","","","","","","","","","","","","","","","","","","","","",""
"1310","MUTTS","FLEX","B. HALL","10.1","WEEK 3","","","","","","","","","","","","","","","","","","","","","","","","","","","","","","","","","","","","","","","","","","","","","","","","","","","","","","","","","","","","","",""
"1311","MUTTS","D/ST","GB D/ST","16.54","WEEK 3","","","","","","","","","","","","","","","","","","","","","","","","","","","","","","","","","","","","","","","","","","","","","","","","","","","","","","","","","","","","","",""
"1312","MUTTS","K","B. AUBREY","9","WEEK 3","","","","","","","","","","","","","","","","","","","","","","","","","","","","","","","","","","","","","","","","","","","","","","","","","","","","","","","","","","","","","",""
"1313","MUTTS","HC","BUF HC","13.3","WEEK 3","","","","","","","","","","","","","","","","","","","","","","","","","","","","","","","","","","","","","","","","","","","","","","","","","","","","","","","","","","","","","",""
"1314","MUTTS","QB","L. JACKSON","14.08","WEEK 4","","","","","","","","","","","","","","","","","","","","","","","","","","","","","","","","","","","","","","","","","","","","","","","","","","","","","","","","","","","","","",""
"1315","MUTTS","RB","J. COOK","25.7","WEEK 4","","","","","","","","","","","","","","","","","","","","","","","","","","","","","","","","","","","","","","","","","","","","","","","","","","","","","","","","","","","","","",""
"1316","MUTTS","RB","C. SKATTEBO","15.5","WEEK 4","","","","","","","","","","","","","","","","","","","","","","","","","","","","","","","","","","","","","","","","","","","","","","","","","","","","","","","","","","","","","",""
"1317","MUTTS","RB","","","WEEK 4","","","","","","","","","","","","","","","","","","","","","","","","","","","","","","","","","","","","","","","","","","","","","","","","","","","","","","","","","","","","","",""
"1318","MUTTS","WR","A. ST. BROWN","26","WEEK 4","","","","","","","","","","","","","","","","","","","","","","","","","","","","","","","","","","","","","","","","","","","","","","","","","","","","","","","","","","","","","",""
"1319","MUTTS","WR","D. SAMUEL","20.4","WEEK 4","","","","","","","","","","","","","","","","","","","","","","","","","","","","","","","","","","","","","","","","","","","","","","","","","","","","","","","","","","","","","",""
"1320","MUTTS","WR","C. OLAVE","8","WEEK 4","","","","","","","","","","","","","","","","","","","","","","","","","","","","","","","","","","","","","","","","","","","","","","","","","","","","","","","","","","","","","",""
"1321","MUTTS","WR","","","WEEK 4","","","","","","","","","","","","","","","","","","","","","","","","","","","","","","","","","","","","","","","","","","","","","","","","","","","","","","","","","","","","","",""
"1322","MUTTS","TE","J. FERGUSON","17","WEEK 4","","","","","","","","","","","","","","","","","","","","","","","","","","","","","","","","","","","","","","","","","","","","","","","","","","","","","","","","","","","","","",""
"1323","MUTTS","FLEX","B. HALL","17.5","WEEK 4","","","","","","","","","","","","","","","","","","","","","","","","","","","","","","","","","","","","","","","","","","","","","","","","","","","","","","","","","","","","","",""
"1324","MUTTS","D/ST","PIT D/ST","25.72","WEEK 4","","","","","","","","","","","","","","","","","","","","","","","","","","","","","","","","","","","","","","","","","","","","","","","","","","","","","","","","","","","","","",""
"1325","MUTTS","K","DAL D/ST","8","WEEK 4","","","","","","","","","","","","","","","","","","","","","","","","","","","","","","","","","","","","","","","","","","","","","","","","","","","","","","","","","","","","","",""
"1326","MUTTS","HC","BUF HC","13.3","WEEK 4","","","","","","","","","","","","","","","","","","","","","","","","","","","","","","","","","","","","","","","","","","","","","","","","","","","","","","","","","","","","","",""
"1327","MUTTS","QB","D. JONES","22.98","WEEK 5","","","","","","","","","","","","","","","","","","","","","","","","","","","","","","","","","","","","","","","","","","","","","","","","","","","","","","","","","","","","","",""
"1328","MUTTS","RB","J. COOK","6.4","WEEK 5","","","","","","","","","","","","","","","","","","","","","","","","","","","","","","","","","","","","","","","","","","","","","","","","","","","","","","","","","","","","","",""
"1329","MUTTS","RB","C. SKATTEBO","15.9","WEEK 5","","","","","","","","","","","","","","","","","","","","","","","","","","","","","","","","","","","","","","","","","","","","","","","","","","","","","","","","","","","","","",""
"1330","MUTTS","RB","","","WEEK 5","","","","","","","","","","","","","","","","","","","","","","","","","","","","","","","","","","","","","","","","","","","","","","","","","","","","","","","","","","","","","",""
"1331","MUTTS","WR","A. ST. BROWN","19","WEEK 5","","","","","","","","","","","","","","","","","","","","","","","","","","","","","","","","","","","","","","","","","","","","","","","","","","","","","","","","","","","","","",""
"1332","MUTTS","WR","D. SAMUEL","23.6","WEEK 5","","","","","","","","","","","","","","","","","","","","","","","","","","","","","","","","","","","","","","","","","","","","","","","","","","","","","","","","","","","","","",""
"1333","MUTTS","WR","C. OLAVE","12.9","WEEK 5","","","","","","","","","","","","","","","","","","","","","","","","","","","","","","","","","","","","","","","","","","","","","","","","","","","","","","","","","","","","","",""
"1334","MUTTS","WR","","","WEEK 5","","","","","","","","","","","","","","","","","","","","","","","","","","","","","","","","","","","","","","","","","","","","","","","","","","","","","","","","","","","","","",""
"1335","MUTTS","TE","J. FERGUSON","23.9","WEEK 5","","","","","","","","","","","","","","","","","","","","","","","","","","","","","","","","","","","","","","","","","","","","","","","","","","","","","","","","","","","","","",""
"1336","MUTTS","FLEX","B. HALL","19.9","WEEK 5","","","","","","","","","","","","","","","","","","","","","","","","","","","","","","","","","","","","","","","","","","","","","","","","","","","","","","","","","","","","","",""
"1337","MUTTS","D/ST","LAC D/ST","6.4","WEEK 5","","","","","","","","","","","","","","","","","","","","","","","","","","","","","","","","","","","","","","","","","","","","","","","","","","","","","","","","","","","","","",""
"1338","MUTTS","K","B. AUBREY","7","WEEK 5","","","","","","","","","","","","","","","","","","","","","","","","","","","","","","","","","","","","","","","","","","","","","","","","","","","","","","","","","","","","","",""
"1339","MUTTS","HC","BUF HC","4","WEEK 5","","","","","","","","","","","","","","","","","","","","","","","","","","","","","","","","","","","","","","","","","","","","","","","","","","","","","","","","","","","","","",""
"1340","MUTTS","QB","T. LAWRENCE","25.92","WEEK 6","","","","","","","","","","","","","","","","","","","","","","","","","","","","","","","","","","","","","","","","","","","","","","","","","","","","","","","","","","","","","",""
"1341","MUTTS","RB","J. COOK III","10.4","WEEK 6","","","","","","","","","","","","","","","","","","","","","","","","","","","","","","","","","","","","","","","","","","","","","","","","","","","","","","","","","","","","","",""
"1342","MUTTS","RB","C. SKATTEBO","32.9","WEEK 6","","","","","","","","","","","","","","","","","","","","","","","","","","","","","","","","","","","","","","","","","","","","","","","","","","","","","","","","","","","","","",""
"1343","MUTTS","RB","","","WEEK 6","","","","","","","","","","","","","","","","","","","","","","","","","","","","","","","","","","","","","","","","","","","","","","","","","","","","","","","","","","","","","",""
"1344","MUTTS","WR","A. ST. BROWN","13.8","WEEK 6","","","","","","","","","","","","","","","","","","","","","","","","","","","","","","","","","","","","","","","","","","","","","","","","","","","","","","","","","","","","","",""
"1345","MUTTS","WR","D. SAMUEL","5.5","WEEK 6","","","","","","","","","","","","","","","","","","","","","","","","","","","","","","","","","","","","","","","","","","","","","","","","","","","","","","","","","","","","","",""
"1346","MUTTS","WR","C. OLAVE","15.8","WEEK 6","","","","","","","","","","","","","","","","","","","","","","","","","","","","","","","","","","","","","","","","","","","","","","","","","","","","","","","","","","","","","",""
"1347","MUTTS","WR","","","WEEK 6","","","","","","","","","","","","","","","","","","","","","","","","","","","","","","","","","","","","","","","","","","","","","","","","","","","","","","","","","","","","","",""
"1348","MUTTS","TE","J. FERGUSON","12.3","WEEK 6","","","","","","","","","","","","","","","","","","","","","","","","","","","","","","","","","","","","","","","","","","","","","","","","","","","","","","","","","","","","","",""
"1349","MUTTS","FLEX","B. HALL","8.1","WEEK 6","","","","","","","","","","","","","","","","","","","","","","","","","","","","","","","","","","","","","","","","","","","","","","","","","","","","","","","","","","","","","",""
"1350","MUTTS","D/ST","PIT D/ST","23.1","WEEK 6","","","","","","","","","","","","","","","","","","","","","","","","","","","","","","","","","","","","","","","","","","","","","","","","","","","","","","","","","","","","","",""
"1351","MUTTS","K","B. AUBREY","9","WEEK 6","","","","","","","","","","","","","","","","","","","","","","","","","","","","","","","","","","","","","","","","","","","","","","","","","","","","","","","","","","","","","",""
"1352","MUTTS","HC","DAL HC","6.1","WEEK 6","","","","","","","","","","","","","","","","","","","","","","","","","","","","","","","","","","","","","","","","","","","","","","","","","","","","","","","","","","","","","",""
"1353","MUTTS","QB","T. LAWRENCE","19.44","WEEK 7","","","","","","","","","","","","","","","","","","","","","","","","","","","","","","","","","","","","","","","","","","","","","","","","","","","","","","","","","","","","","",""
"1354","MUTTS","RB","B. HALL","8.3","WEEK 7","","","","","","","","","","","","","","","","","","","","","","","","","","","","","","","","","","","","","","","","","","","","","","","","","","","","","","","","","","","","","",""
"1355","MUTTS","RB","C. SKATTEBO","20","WEEK 7","","","","","","","","","","","","","","","","","","","","","","","","","","","","","","","","","","","","","","","","","","","","","","","","","","","","","","","","","","","","","",""
"1356","MUTTS","RB","","","WEEK 7","","","","","","","","","","","","","","","","","","","","","","","","","","","","","","","","","","","","","","","","","","","","","","","","","","","","","","","","","","","","","",""
"1357","MUTTS","WR","A. ST. BROWN","20.6","WEEK 7","","","","","","","","","","","","","","","","","","","","","","","","","","","","","","","","","","","","","","","","","","","","","","","","","","","","","","","","","","","","","",""
"1358","MUTTS","WR","M. EVANS","0","WEEK 7","","","","","","","","","","","","","","","","","","","","","","","","","","","","","","","","","","","","","","","","","","","","","","","","","","","","","","","","","","","","","",""
"1359","MUTTS","WR","C. OLAVE","26.8","WEEK 7","","","","","","","","","","","","","","","","","","","","","","","","","","","","","","","","","","","","","","","","","","","","","","","","","","","","","","","","","","","","","",""
"1360","MUTTS","WR","","","WEEK 7","","","","","","","","","","","","","","","","","","","","","","","","","","","","","","","","","","","","","","","","","","","","","","","","","","","","","","","","","","","","","",""
"1361","MUTTS","TE","J. FERGUSON","21.9","WEEK 7","","","","","","","","","","","","","","","","","","","","","","","","","","","","","","","","","","","","","","","","","","","","","","","","","","","","","","","","","","","","","",""
"1362","MUTTS","FLEX","C. HUBBARD","8.9","WEEK 7","","","","","","","","","","","","","","","","","","","","","","","","","","","","","","","","","","","","","","","","","","","","","","","","","","","","","","","","","","","","","",""
"1363","MUTTS","D/ST","PIT D/ST","5.11","WEEK 7","","","","","","","","","","","","","","","","","","","","","","","","","","","","","","","","","","","","","","","","","","","","","","","","","","","","","","","","","","","","","",""
"1364","MUTTS","K","B. AUBREY","21","WEEK 7","","","","","","","","","","","","","","","","","","","","","","","","","","","","","","","","","","","","","","","","","","","","","","","","","","","","","","","","","","","","","",""
"1365","MUTTS","HC","DAL HC","21.2","WEEK 7","","","","","","","","","","","","","","","","","","","","","","","","","","","","","","","","","","","","","","","","","","","","","","","","","","","","","","","","","","","","","",""
"1366","MUTTS","QB","T. LAWRENCE","0","WEEK 8","","","","","","","","","","","","","","","","","","","","","","","","","","","","","","","","","","","","","","","","","","","","","","","","","","","","","","","","","","","","","",""
"1367","MUTTS","RB","J. COOK III","37.5","WEEK 8","","","","","","","","","","","","","","","","","","","","","","","","","","","","","","","","","","","","","","","","","","","","","","","","","","","","","","","","","","","","","",""
"1368","MUTTS","RB","B. HALL","37.86","WEEK 8","","","","","","","","","","","","","","","","","","","","","","","","","","","","","","","","","","","","","","","","","","","","","","","","","","","","","","","","","","","","","",""
"1369","MUTTS","RB","","","WEEK 8","","","","","","","","","","","","","","","","","","","","","","","","","","","","","","","","","","","","","","","","","","","","","","","","","","","","","","","","","","","","","",""
"1370","MUTTS","WR","A. ST. BROWN","0","WEEK 8","","","","","","","","","","","","","","","","","","","","","","","","","","","","","","","","","","","","","","","","","","","","","","","","","","","","","","","","","","","","","",""
"1371","MUTTS","WR","D. SAMUEL","4.3","WEEK 8","","","","","","","","","","","","","","","","","","","","","","","","","","","","","","","","","","","","","","","","","","","","","","","","","","","","","","","","","","","","","",""
"1372","MUTTS","WR","C. OLAVE","14.1","WEEK 8","","","","","","","","","","","","","","","","","","","","","","","","","","","","","","","","","","","","","","","","","","","","","","","","","","","","","","","","","","","","","",""
"1373","MUTTS","WR","","","WEEK 8","","","","","","","","","","","","","","","","","","","","","","","","","","","","","","","","","","","","","","","","","","","","","","","","","","","","","","","","","","","","","",""
"1374","MUTTS","TE","J. FERGUSON","0","WEEK 8","","","","","","","","","","","","","","","","","","","","","","","","","","","","","","","","","","","","","","","","","","","","","","","","","","","","","","","","","","","","","",""
"1375","MUTTS","FLEX","C. SKATTEBO","10.3","WEEK 8","","","","","","","","","","","","","","","","","","","","","","","","","","","","","","","","","","","","","","","","","","","","","","","","","","","","","","","","","","","","","",""
"1376","MUTTS","D/ST","PIT D/ST","-2.17","WEEK 8","","","","","","","","","","","","","","","","","","","","","","","","","","","","","","","","","","","","","","","","","","","","","","","","","","","","","","","","","","","","","",""
"1377","MUTTS","K","B. AUBREY","6","WEEK 8","","","","","","","","","","","","","","","","","","","","","","","","","","","","","","","","","","","","","","","","","","","","","","","","","","","","","","","","","","","","","",""
"1378","MUTTS","HC","BUF HC","24","WEEK 8","","","","","","","","","","","","","","","","","","","","","","","","","","","","","","","","","","","","","","","","","","","","","","","","","","","","","","","","","","","","","",""
"1379","MUTTS","QB","L. JACKSON","36.66","WEEK 9","","","","","","","","","","","","","","","","","","","","","","","","","","","","","","","","","","","","","","","","","","","","","","","","","","","","","","","","","","","","","",""
"1380","MUTTS","RB","J. COOK","17.2","WEEK 9","","","","","","","","","","","","","","","","","","","","","","","","","","","","","","","","","","","","","","","","","","","","","","","","","","","","","","","","","","","","","",""
"1381","MUTTS","RB","A. JONES","12.7","WEEK 9","","","","","","","","","","","","","","","","","","","","","","","","","","","","","","","","","","","","","","","","","","","","","","","","","","","","","","","","","","","","","",""
"1382","MUTTS","RB","","","WEEK 9","","","","","","","","","","","","","","","","","","","","","","","","","","","","","","","","","","","","","","","","","","","","","","","","","","","","","","","","","","","","","",""
"1383","MUTTS","WR","A. ST. BROWN","18.7","WEEK 9","","","","","","","","","","","","","","","","","","","","","","","","","","","","","","","","","","","","","","","","","","","","","","","","","","","","","","","","","","","","","",""
"1384","MUTTS","WR","D. SAMUEL","11","WEEK 9","","","","","","","","","","","","","","","","","","","","","","","","","","","","","","","","","","","","","","","","","","","","","","","","","","","","","","","","","","","","","",""
"1385","MUTTS","WR","C. OLAVE","8.7","WEEK 9","","","","","","","","","","","","","","","","","","","","","","","","","","","","","","","","","","","","","","","","","","","","","","","","","","","","","","","","","","","","","",""
"1386","MUTTS","WR","","","WEEK 9","","","","","","","","","","","","","","","","","","","","","","","","","","","","","","","","","","","","","","","","","","","","","","","","","","","","","","","","","","","","","",""
"1387","MUTTS","TE","J. FERGUSON","8","WEEK 9","","","","","","","","","","","","","","","","","","","","","","","","","","","","","","","","","","","","","","","","","","","","","","","","","","","","","","","","","","","","","",""
"1388","MUTTS","FLEX","C. HUBBARD","2.2","WEEK 9","","","","","","","","","","","","","","","","","","","","","","","","","","","","","","","","","","","","","","","","","","","","","","","","","","","","","","","","","","","","","",""
"1389","MUTTS","D/ST","LAC D/ST","19.32","WEEK 9","","","","","","","","","","","","","","","","","","","","","","","","","","","","","","","","","","","","","","","","","","","","","","","","","","","","","","","","","","","","","",""
"1390","MUTTS","K","B. AUBREY","4.5","WEEK 9","","","","","","","","","","","","","","","","","","","","","","","","","","","","","","","","","","","","","","","","","","","","","","","","","","","","","","","","","","","","","",""
"1391","MUTTS","HC","DAL HC","1.1","WEEK 9","","","","","","","","","","","","","","","","","","","","","","","","","","","","","","","","","","","","","","","","","","","","","","","","","","","","","","","","","","","","","",""
"1392","MUTTS","QB","L. JACKSON","20.54","WEEK 10","","","","","","","","","","","","","","","","","","","","","","","","","","","","","","","","","","","","","","","","","","","","","","","","","","","","","","","","","","","","","",""
"1393","MUTTS","RB","J. COOK","12","WEEK 10","","","","","","","","","","","","","","","","","","","","","","","","","","","","","","","","","","","","","","","","","","","","","","","","","","","","","","","","","","","","","",""
"1394","MUTTS","RB","B. HALL","21.6","WEEK 10","","","","","","","","","","","","","","","","","","","","","","","","","","","","","","","","","","","","","","","","","","","","","","","","","","","","","","","","","","","","","",""
"1395","MUTTS","RB","","","WEEK 10","","","","","","","","","","","","","","","","","","","","","","","","","","","","","","","","","","","","","","","","","","","","","","","","","","","","","","","","","","","","","",""
"1396","MUTTS","WR","A. ST. BROWN","16.8","WEEK 10","","","","","","","","","","","","","","","","","","","","","","","","","","","","","","","","","","","","","","","","","","","","","","","","","","","","","","","","","","","","","",""
"1397","MUTTS","WR","D. SAMUEL","12.9","WEEK 10","","","","","","","","","","","","","","","","","","","","","","","","","","","","","","","","","","","","","","","","","","","","","","","","","","","","","","","","","","","","","",""
"1398","MUTTS","WR","C. OLAVE","22.4","WEEK 10","","","","","","","","","","","","","","","","","","","","","","","","","","","","","","","","","","","","","","","","","","","","","","","","","","","","","","","","","","","","","",""
"1399","MUTTS","WR","","","WEEK 10","","","","","","","","","","","","","","","","","","","","","","","","","","","","","","","","","","","","","","","","","","","","","","","","","","","","","","","","","","","","","",""
"1400","MUTTS","TE","E. ENGRAM","3.2","WEEK 10","","","","","","","","","","","","","","","","","","","","","","","","","","","","","","","","","","","","","","","","","","","","","","","","","","","","","","","","","","","","","",""
"1401","MUTTS","FLEX","J. JENNINGS","17.1","WEEK 10","","","","","","","","","","","","","","","","","","","","","","","","","","","","","","","","","","","","","","","","","","","","","","","","","","","","","","","","","","","","","",""
"1402","MUTTS","D/ST","LAC D/ST","27.2","WEEK 10","","","","","","","","","","","","","","","","","","","","","","","","","","","","","","","","","","","","","","","","","","","","","","","","","","","","","","","","","","","","","",""
"1403","MUTTS","K","C. MCLAUGHLIN","5","WEEK 10","","","","","","","","","","","","","","","","","","","","","","","","","","","","","","","","","","","","","","","","","","","","","","","","","","","","","","","","","","","","","",""
"1404","MUTTS","HC","BUF HC","-2.1","WEEK 10","","","","","","","","","","","","","","","","","","","","","","","","","","","","","","","","","","","","","","","","","","","","","","","","","","","","","","","","","","","","","",""
"1418","MUTTS","QB","L. JACKSON","8.52","WEEK 12","","","","","","","","","","","","","","","","","","","","","","","","","","","","","","","","","","","","","","","","","","","","","","","","","","","","","","","","","","","","","",""
"1419","MUTTS","RB","J. COOK","24.6","WEEK 12","","","","","","","","","","","","","","","","","","","","","","","","","","","","","","","","","","","","","","","","","","","","","","","","","","","","","","","","","","","","","",""
"1420","MUTTS","RB","A. JONES","9.6","WEEK 12","","","","","","","","","","","","","","","","","","","","","","","","","","","","","","","","","","","","","","","","","","","","","","","","","","","","","","","","","","","","","",""
"1421","MUTTS","RB","","","WEEK 12","","","","","","","","","","","","","","","","","","","","","","","","","","","","","","","","","","","","","","","","","","","","","","","","","","","","","","","","","","","","","",""
"1422","MUTTS","WR","A. ST. BROWN","30.9","WEEK 12","","","","","","","","","","","","","","","","","","","","","","","","","","","","","","","","","","","","","","","","","","","","","","","","","","","","","","","","","","","","","",""
"1423","MUTTS","WR","C. OLAVE","16","WEEK 12","","","","","","","","","","","","","","","","","","","","","","","","","","","","","","","","","","","","","","","","","","","","","","","","","","","","","","","","","","","","","",""
"1424","MUTTS","WR","J. JENNINGS","15.1","WEEK 12","","","","","","","","","","","","","","","","","","","","","","","","","","","","","","","","","","","","","","","","","","","","","","","","","","","","","","","","","","","","","",""
"1425","MUTTS","WR","","","WEEK 12","","","","","","","","","","","","","","","","","","","","","","","","","","","","","","","","","","","","","","","","","","","","","","","","","","","","","","","","","","","","","",""
"1426","MUTTS","TE","J. FERGUSON","11.2","WEEK 12","","","","","","","","","","","","","","","","","","","","","","","","","","","","","","","","","","","","","","","","","","","","","","","","","","","","","","","","","","","","","",""
"1427","MUTTS","FLEX","B. HALL","15.5","WEEK 12","","","","","","","","","","","","","","","","","","","","","","","","","","","","","","","","","","","","","","","","","","","","","","","","","","","","","","","","","","","","","",""
"1428","MUTTS","D/ST","PIT D/ST","16.07","WEEK 12","","","","","","","","","","","","","","","","","","","","","","","","","","","","","","","","","","","","","","","","","","","","","","","","","","","","","","","","","","","","","",""
"1429","MUTTS","K","B. AUBREY","6","WEEK 12","","","","","","","","","","","","","","","","","","","","","","","","","","","","","","","","","","","","","","","","","","","","","","","","","","","","","","","","","","","","","",""
"1430","MUTTS","HC","BUF HC","3.7","WEEK 12","","","","","","","","","","","","","","","","","","","","","","","","","","","","","","","","","","","","","","","","","","","","","","","","","","","","","","","","","","","","","",""
"1431","MUTTS","QB","L. JACKSON","6.74","WEEK 13","","","","","","","","","","","","","","","","","","","","","","","","","","","","","","","","","","","","","","","","","","","","","","","","","","","","","","","","","","","","","",""
"1432","MUTTS","RB","J. COOK","22.9","WEEK 13","","","","","","","","","","","","","","","","","","","","","","","","","","","","","","","","","","","","","","","","","","","","","","","","","","","","","","","","","","","","","",""
"1433","MUTTS","RB","A. JONES","5.1","WEEK 13","","","","","","","","","","","","","","","","","","","","","","","","","","","","","","","","","","","","","","","","","","","","","","","","","","","","","","","","","","","","","",""
"1434","MUTTS","RB","","","WEEK 13","","","","","","","","","","","","","","","","","","","","","","","","","","","","","","","","","","","","","","","","","","","","","","","","","","","","","","","","","","","","","",""
"1435","MUTTS","WR","A. ST. BROWN","0","WEEK 13","","","","","","","","","","","","","","","","","","","","","","","","","","","","","","","","","","","","","","","","","","","","","","","","","","","","","","","","","","","","","",""
"1436","MUTTS","WR","C. OLAVE","14.7","WEEK 13","","","","","","","","","","","","","","","","","","","","","","","","","","","","","","","","","","","","","","","","","","","","","","","","","","","","","","","","","","","","","",""
"1437","MUTTS","WR","J. JENNINGS","13.9","WEEK 13","","","","","","","","","","","","","","","","","","","","","","","","","","","","","","","","","","","","","","","","","","","","","","","","","","","","","","","","","","","","","",""
"1438","MUTTS","WR","","","WEEK 13","","","","","","","","","","","","","","","","","","","","","","","","","","","","","","","","","","","","","","","","","","","","","","","","","","","","","","","","","","","","","",""
"1439","MUTTS","TE","J. FERGUSON","8.6","WEEK 13","","","","","","","","","","","","","","","","","","","","","","","","","","","","","","","","","","","","","","","","","","","","","","","","","","","","","","","","","","","","","",""
"1440","MUTTS","FLEX","B. HALL","17.5","WEEK 13","","","","","","","","","","","","","","","","","","","","","","","","","","","","","","","","","","","","","","","","","","","","","","","","","","","","","","","","","","","","","",""
"1441","MUTTS","D/ST","LAC D/ST","24.84","WEEK 13","","","","","","","","","","","","","","","","","","","","","","","","","","","","","","","","","","","","","","","","","","","","","","","","","","","","","","","","","","","","","",""
"1442","MUTTS","K","B. AUBREY","12","WEEK 13","","","","","","","","","","","","","","","","","","","","","","","","","","","","","","","","","","","","","","","","","","","","","","","","","","","","","","","","","","","","","",""
"1443","MUTTS","HC","BUF HC","13.8","WEEK 13","","","","","","","","","","","","","","","","","","","","","","","","","","","","","","","","","","","","","","","","","","","","","","","","","","","","","","","","","","","","","",""
"1444","MUTTS","QB","L. JACKSON","23.56","WEEK 14","","","","","","","","","","","","","","","","","","","","","","","","","","","","","","","","","","","","","","","","","","","","","","","","","","","","","","","","","","","","","",""
"1445","MUTTS","RB","J. COOK","12.9","WEEK 14","","","","","","","","","","","","","","","","","","","","","","","","","","","","","","","","","","","","","","","","","","","","","","","","","","","","","","","","","","","","","",""
"1446","MUTTS","RB","A. JONES","9","WEEK 14","","","","","","","","","","","","","","","","","","","","","","","","","","","","","","","","","","","","","","","","","","","","","","","","","","","","","","","","","","","","","",""
"1447","MUTTS","RB","","","WEEK 14","","","","","","","","","","","","","","","","","","","","","","","","","","","","","","","","","","","","","","","","","","","","","","","","","","","","","","","","","","","","","",""
"1448","MUTTS","WR","D. SAMUEL","11.05","WEEK 14","","","","","","","","","","","","","","","","","","","","","","","","","","","","","","","","","","","","","","","","","","","","","","","","","","","","","","","","","","","","","",""
"1449","MUTTS","WR","C. OLAVE","6","WEEK 14","","","","","","","","","","","","","","","","","","","","","","","","","","","","","","","","","","","","","","","","","","","","","","","","","","","","","","","","","","","","","",""
"1450","MUTTS","WR","B. THOMAS","11.7","WEEK 14","","","","","","","","","","","","","","","","","","","","","","","","","","","","","","","","","","","","","","","","","","","","","","","","","","","","","","","","","","","","","",""
"1451","MUTTS","WR","","","WEEK 14","","","","","","","","","","","","","","","","","","","","","","","","","","","","","","","","","","","","","","","","","","","","","","","","","","","","","","","","","","","","","",""
"1452","MUTTS","TE","J. FERGUSON","10.8","WEEK 14","","","","","","","","","","","","","","","","","","","","","","","","","","","","","","","","","","","","","","","","","","","","","","","","","","","","","","","","","","","","","",""
"1453","MUTTS","FLEX","B. HALL","5.7","WEEK 14","","","","","","","","","","","","","","","","","","","","","","","","","","","","","","","","","","","","","","","","","","","","","","","","","","","","","","","","","","","","","",""
"1454","MUTTS","D/ST","LAC D/ST","24.55","WEEK 14","","","","","","","","","","","","","","","","","","","","","","","","","","","","","","","","","","","","","","","","","","","","","","","","","","","","","","","","","","","","","",""
"1455","MUTTS","K","B. AUBREY","29","WEEK 14","","","","","","","","","","","","","","","","","","","","","","","","","","","","","","","","","","","","","","","","","","","","","","","","","","","","","","","","","","","","","",""
"1456","MUTTS","HC","BUF HC","14.7","WEEK 14","","","","","","","","","","","","","","","","","","","","","","","","","","","","","","","","","","","","","","","","","","","","","","","","","","","","","","","","","","","","","",""
"1456","EAGLES","QB","J. ALLEN","49.16","WEEK 1","","","","","","","","","","","","","","","","","","","","","","","","","","","","","","","","","","","","","","","","","","","","","","","","","","","","","","","","","","","","","",""
"1456","EAGLES","RB","A. KAMARA","14.8","WEEK 1","","","","","","","","","","","","","","","","","","","","","","","","","","","","","","","","","","","","","","","","","","","","","","","","","","","","","","","","","","","","","",""
"1456","EAGLES","RB","T. POLLARD","9.7","WEEK 1","","","","","","","","","","","","","","","","","","","","","","","","","","","","","","","","","","","","","","","","","","","","","","","","","","","","","","","","","","","","","",""
"1456","EAGLES","RB","","","WEEK 1","","","","","","","","","","","","","","","","","","","","","","","","","","","","","","","","","","","","","","","","","","","","","","","","","","","","","","","","","","","","","",""
"1456","EAGLES","WR","M. NABERS","12.1","WEEK 1","","","","","","","","","","","","","","","","","","","","","","","","","","","","","","","","","","","","","","","","","","","","","","","","","","","","","","","","","","","","","",""
"1456","EAGLES","WR","X. WORTHY","0.1","WEEK 1","","","","","","","","","","","","","","","","","","","","","","","","","","","","","","","","","","","","","","","","","","","","","","","","","","","","","","","","","","","","","",""
"1456","EAGLES","WR","D. SMITH","4.6","WEEK 1","","","","","","","","","","","","","","","","","","","","","","","","","","","","","","","","","","","","","","","","","","","","","","","","","","","","","","","","","","","","","",""
"1456","EAGLES","WR","","","WEEK 1","","","","","","","","","","","","","","","","","","","","","","","","","","","","","","","","","","","","","","","","","","","","","","","","","","","","","","","","","","","","","",""
"1456","EAGLES","TE","G. KITTLE","12.5","WEEK 1","","","","","","","","","","","","","","","","","","","","","","","","","","","","","","","","","","","","","","","","","","","","","","","","","","","","","","","","","","","","","",""
"1456","EAGLES","FLEX","G. PICKENS","6","WEEK 1","","","","","","","","","","","","","","","","","","","","","","","","","","","","","","","","","","","","","","","","","","","","","","","","","","","","","","","","","","","","","",""
"1456","EAGLES","D/ST","DEN D/ST","31.86","WEEK 1","","","","","","","","","","","","","","","","","","","","","","","","","","","","","","","","","","","","","","","","","","","","","","","","","","","","","","","","","","","","","",""
"1456","EAGLES","K","J. BATES","7","WEEK 1","","","","","","","","","","","","","","","","","","","","","","","","","","","","","","","","","","","","","","","","","","","","","","","","","","","","","","","","","","","","","",""
"1456","EAGLES","HC","KC HC","3.3","WEEK 1","","","","","","","","","","","","","","","","","","","","","","","","","","","","","","","","","","","","","","","","","","","","","","","","","","","","","","","","","","","","","",""
"1456","EAGLES","QB","J. ALLEN","13.02","WEEK 2","","","","","","","","","","","","","","","","","","","","","","","","","","","","","","","","","","","","","","","","","","","","","","","","","","","","","","","","","","","","","",""
"1456","EAGLES","RB","A. KAMARA","18.1","WEEK 2","","","","","","","","","","","","","","","","","","","","","","","","","","","","","","","","","","","","","","","","","","","","","","","","","","","","","","","","","","","","","",""
"1456","EAGLES","RB","T. POLLARD","11.2","WEEK 2","","","","","","","","","","","","","","","","","","","","","","","","","","","","","","","","","","","","","","","","","","","","","","","","","","","","","","","","","","","","","",""
"1456","EAGLES","RB","","","WEEK 2","","","","","","","","","","","","","","","","","","","","","","","","","","","","","","","","","","","","","","","","","","","","","","","","","","","","","","","","","","","","","",""
"1456","EAGLES","WR","M. NABERS","38.7","WEEK 2","","","","","","","","","","","","","","","","","","","","","","","","","","","","","","","","","","","","","","","","","","","","","","","","","","","","","","","","","","","","","",""
"1456","EAGLES","WR","D. SMITH","9.3","WEEK 2","","","","","","","","","","","","","","","","","","","","","","","","","","","","","","","","","","","","","","","","","","","","","","","","","","","","","","","","","","","","","",""
"1456","EAGLES","WR","D. DOUGLAS","1.8","WEEK 2","","","","","","","","","","","","","","","","","","","","","","","","","","","","","","","","","","","","","","","","","","","","","","","","","","","","","","","","","","","","","",""
"1456","EAGLES","WR","","","WEEK 2","","","","","","","","","","","","","","","","","","","","","","","","","","","","","","","","","","","","","","","","","","","","","","","","","","","","","","","","","","","","","",""
"1456","EAGLES","TE","G. KITTLE","0","WEEK 2","","","","","","","","","","","","","","","","","","","","","","","","","","","","","","","","","","","","","","","","","","","","","","","","","","","","","","","","","","","","","",""
"1456","EAGLES","FLEX","G. PICKENS","17.8","WEEK 2","","","","","","","","","","","","","","","","","","","","","","","","","","","","","","","","","","","","","","","","","","","","","","","","","","","","","","","","","","","","","",""
"1456","EAGLES","D/ST","DEN D/ST","-1.9","WEEK 2","","","","","","","","","","","","","","","","","","","","","","","","","","","","","","","","","","","","","","","","","","","","","","","","","","","","","","","","","","","","","",""
"1456","EAGLES","K","J. BATES","9","WEEK 2","","","","","","","","","","","","","","","","","","","","","","","","","","","","","","","","","","","","","","","","","","","","","","","","","","","","","","","","","","","","","",""
"1456","EAGLES","HC","KC HC","3.1","WEEK 2","","","","","","","","","","","","","","","","","","","","","","","","","","","","","","","","","","","","","","","","","","","","","","","","","","","","","","","","","","","","","",""
"1456","EAGLES","QB","J. ALLEN","32.62","WEEK 3","","","","","","","","","","","","","","","","","","","","","","","","","","","","","","","","","","","","","","","","","","","","","","","","","","","","","","","","","","","","","",""
"1456","EAGLES","RB","A. KAMARA","8.4","WEEK 3","","","","","","","","","","","","","","","","","","","","","","","","","","","","","","","","","","","","","","","","","","","","","","","","","","","","","","","","","","","","","",""
"1456","EAGLES","RB","J. WILLIAMS","13.2","WEEK 3","","","","","","","","","","","","","","","","","","","","","","","","","","","","","","","","","","","","","","","","","","","","","","","","","","","","","","","","","","","","","",""
"1456","EAGLES","RB","","","WEEK 3","","","","","","","","","","","","","","","","","","","","","","","","","","","","","","","","","","","","","","","","","","","","","","","","","","","","","","","","","","","","","",""
"1456","EAGLES","WR","M. NABERS","3.3","WEEK 3","","","","","","","","","","","","","","","","","","","","","","","","","","","","","","","","","","","","","","","","","","","","","","","","","","","","","","","","","","","","","",""
"1456","EAGLES","WR","D. DOUGLAS","2.7","WEEK 3","","","","","","","","","","","","","","","","","","","","","","","","","","","","","","","","","","","","","","","","","","","","","","","","","","","","","","","","","","","","","",""
"1456","EAGLES","WR","T. FRANKLIN","2.8","WEEK 3","","","","","","","","","","","","","","","","","","","","","","","","","","","","","","","","","","","","","","","","","","","","","","","","","","","","","","","","","","","","","",""
"1456","EAGLES","WR","","","WEEK 3","","","","","","","","","","","","","","","","","","","","","","","","","","","","","","","","","","","","","","","","","","","","","","","","","","","","","","","","","","","","","",""
"1456","EAGLES","TE","Z. ERTZ","6.8","WEEK 3","","","","","","","","","","","","","","","","","","","","","","","","","","","","","","","","","","","","","","","","","","","","","","","","","","","","","","","","","","","","","",""
"1456","EAGLES","FLEX","G. PICKENS","17.8","WEEK 3","","","","","","","","","","","","","","","","","","","","","","","","","","","","","","","","","","","","","","","","","","","","","","","","","","","","","","","","","","","","","",""
"1456","EAGLES","D/ST","DEN D/ST","28.53","WEEK 3","","","","","","","","","","","","","","","","","","","","","","","","","","","","","","","","","","","","","","","","","","","","","","","","","","","","","","","","","","","","","",""
"1456","EAGLES","K","J. BATES","8.5","WEEK 3","","","","","","","","","","","","","","","","","","","","","","","","","","","","","","","","","","","","","","","","","","","","","","","","","","","","","","","","","","","","","",""
"1456","EAGLES","HC","KC HC","10.6","WEEK 3","","","","","","","","","","","","","","","","","","","","","","","","","","","","","","","","","","","","","","","","","","","","","","","","","","","","","","","","","","","","","",""
"1456","EAGLES","QB","J. ALLEN","30.76","WEEK 4","","","","","","","","","","","","","","","","","","","","","","","","","","","","","","","","","","","","","","","","","","","","","","","","","","","","","","","","","","","","","",""
"1456","EAGLES","RB","A. KAMARA","12.7","WEEK 4","","","","","","","","","","","","","","","","","","","","","","","","","","","","","","","","","","","","","","","","","","","","","","","","","","","","","","","","","","","","","",""
"1456","EAGLES","RB","J. WILLIAMS","21","WEEK 4","","","","","","","","","","","","","","","","","","","","","","","","","","","","","","","","","","","","","","","","","","","","","","","","","","","","","","","","","","","","","",""
"1456","EAGLES","RB","","","WEEK 4","","","","","","","","","","","","","","","","","","","","","","","","","","","","","","","","","","","","","","","","","","","","","","","","","","","","","","","","","","","","","",""
"1456","EAGLES","WR","X. WORTHY","17.3","WEEK 4","","","","","","","","","","","","","","","","","","","","","","","","","","","","","","","","","","","","","","","","","","","","","","","","","","","","","","","","","","","","","",""
"1456","EAGLES","WR","T. FRANKLIN","9.5","WEEK 4","","","","","","","","","","","","","","","","","","","","","","","","","","","","","","","","","","","","","","","","","","","","","","","","","","","","","","","","","","","","","",""
"1456","EAGLES","WR","M. WASHINGTON","9.1","WEEK 4","","","","","","","","","","","","","","","","","","","","","","","","","","","","","","","","","","","","","","","","","","","","","","","","","","","","","","","","","","","","","",""
"1456","EAGLES","WR","","","WEEK 4","","","","","","","","","","","","","","","","","","","","","","","","","","","","","","","","","","","","","","","","","","","","","","","","","","","","","","","","","","","","","",""
"1456","EAGLES","TE","Z. ERTZ","6.1","WEEK 4","","","","","","","","","","","","","","","","","","","","","","","","","","","","","","","","","","","","","","","","","","","","","","","","","","","","","","","","","","","","","",""
"1456","EAGLES","FLEX","G. PICKENS","34.4","WEEK 4","","","","","","","","","","","","","","","","","","","","","","","","","","","","","","","","","","","","","","","","","","","","","","","","","","","","","","","","","","","","","",""
"1456","EAGLES","D/ST","DEN D/ST","17.82","WEEK 4","","","","","","","","","","","","","","","","","","","","","","","","","","","","","","","","","","","","","","","","","","","","","","","","","","","","","","","","","","","","","",""
"1456","EAGLES","K","J. BATES","14","WEEK 4","","","","","","","","","","","","","","","","","","","","","","","","","","","","","","","","","","","","","","","","","","","","","","","","","","","","","","","","","","","","","",""
"1456","EAGLES","HC","GB HC","11","WEEK 4","","","","","","","","","","","","","","","","","","","","","","","","","","","","","","","","","","","","","","","","","","","","","","","","","","","","","","","","","","","","","",""
"1456","EAGLES","QB","J. ALLEN","26.12","WEEK 5","","","","","","","","","","","","","","","","","","","","","","","","","","","","","","","","","","","","","","","","","","","","","","","","","","","","","","","","","","","","","",""
"1456","EAGLES","RB","A. KAMARA","10.3","WEEK 5","","","","","","","","","","","","","","","","","","","","","","","","","","","","","","","","","","","","","","","","","","","","","","","","","","","","","","","","","","","","","",""
"1456","EAGLES","RB","J. WILLIAMS","29.5","WEEK 5","","","","","","","","","","","","","","","","","","","","","","","","","","","","","","","","","","","","","","","","","","","","","","","","","","","","","","","","","","","","","",""
"1456","EAGLES","RB","","","WEEK 5","","","","","","","","","","","","","","","","","","","","","","","","","","","","","","","","","","","","","","","","","","","","","","","","","","","","","","","","","","","","","",""
"1456","EAGLES","WR","X. WORTHY","11.2","WEEK 5","","","","","","","","","","","","","","","","","","","","","","","","","","","","","","","","","","","","","","","","","","","","","","","","","","","","","","","","","","","","","",""
"1456","EAGLES","WR","T. FRANKLIN","8.5","WEEK 5","","","","","","","","","","","","","","","","","","","","","","","","","","","","","","","","","","","","","","","","","","","","","","","","","","","","","","","","","","","","","",""
"1456","EAGLES","WR","M. WASHINGTON","10.35","WEEK 5","","","","","","","","","","","","","","","","","","","","","","","","","","","","","","","","","","","","","","","","","","","","","","","","","","","","","","","","","","","","","",""
"1456","EAGLES","WR","","","WEEK 5","","","","","","","","","","","","","","","","","","","","","","","","","","","","","","","","","","","","","","","","","","","","","","","","","","","","","","","","","","","","","",""
"1456","EAGLES","TE","Z. ERTZ","0","WEEK 5","","","","","","","","","","","","","","","","","","","","","","","","","","","","","","","","","","","","","","","","","","","","","","","","","","","","","","","","","","","","","",""
"1456","EAGLES","FLEX","G. PICKENS","13.7","WEEK 5","","","","","","","","","","","","","","","","","","","","","","","","","","","","","","","","","","","","","","","","","","","","","","","","","","","","","","","","","","","","","",""
"1456","EAGLES","D/ST","DEN D/ST","20.51","WEEK 5","","","","","","","","","","","","","","","","","","","","","","","","","","","","","","","","","","","","","","","","","","","","","","","","","","","","","","","","","","","","","",""
"1456","EAGLES","K","J. BATES","5","WEEK 5","","","","","","","","","","","","","","","","","","","","","","","","","","","","","","","","","","","","","","","","","","","","","","","","","","","","","","","","","","","","","",""
"1456","EAGLES","HC","KC HC","6.4","WEEK 5","","","","","","","","","","","","","","","","","","","","","","","","","","","","","","","","","","","","","","","","","","","","","","","","","","","","","","","","","","","","","",""
"1456","EAGLES","QB","J. ALLEN","19.2","WEEK 6","","","","","","","","","","","","","","","","","","","","","","","","","","","","","","","","","","","","","","","","","","","","","","","","","","","","","","","","","","","","","",""
"1456","EAGLES","RB","J. WILLIAMS","9.7","WEEK 6","","","","","","","","","","","","","","","","","","","","","","","","","","","","","","","","","","","","","","","","","","","","","","","","","","","","","","","","","","","","","",""
"1456","EAGLES","RB","J. CROSKEY-MERRITT","7.5","WEEK 6","","","","","","","","","","","","","","","","","","","","","","","","","","","","","","","","","","","","","","","","","","","","","","","","","","","","","","","","","","","","","",""
"1456","EAGLES","RB","","","WEEK 6","","","","","","","","","","","","","","","","","","","","","","","","","","","","","","","","","","","","","","","","","","","","","","","","","","","","","","","","","","","","","",""
"1456","EAGLES","WR","X. WORTHY","10.7","WEEK 6","","","","","","","","","","","","","","","","","","","","","","","","","","","","","","","","","","","","","","","","","","","","","","","","","","","","","","","","","","","","","",""
"1456","EAGLES","WR","M. WASHINGTON","14.45","WEEK 6","","","","","","","","","","","","","","","","","","","","","","","","","","","","","","","","","","","","","","","","","","","","","","","","","","","","","","","","","","","","","",""
"1456","EAGLES","WR","M. GOLDEN","13.4","WEEK 6","","","","","","","","","","","","","","","","","","","","","","","","","","","","","","","","","","","","","","","","","","","","","","","","","","","","","","","","","","","","","",""
"1456","EAGLES","WR","","","WEEK 6","","","","","","","","","","","","","","","","","","","","","","","","","","","","","","","","","","","","","","","","","","","","","","","","","","","","","","","","","","","","","",""
"1456","EAGLES","TE","Z. ERTZ","16.3","WEEK 6","","","","","","","","","","","","","","","","","","","","","","","","","","","","","","","","","","","","","","","","","","","","","","","","","","","","","","","","","","","","","",""
"1456","EAGLES","FLEX","G. PICKENS","32.8","WEEK 6","","","","","","","","","","","","","","","","","","","","","","","","","","","","","","","","","","","","","","","","","","","","","","","","","","","","","","","","","","","","","",""
"1456","EAGLES","D/ST","DEN D/ST","33.08","WEEK 6","","","","","","","","","","","","","","","","","","","","","","","","","","","","","","","","","","","","","","","","","","","","","","","","","","","","","","","","","","","","","",""
"1456","EAGLES","K","J. BATES","5","WEEK 6","","","","","","","","","","","","","","","","","","","","","","","","","","","","","","","","","","","","","","","","","","","","","","","","","","","","","","","","","","","","","",""
"1456","EAGLES","HC","KC HC","13","WEEK 6","","","","","","","","","","","","","","","","","","","","","","","","","","","","","","","","","","","","","","","","","","","","","","","","","","","","","","","","","","","","","",""
"1456","EAGLES","QB","D. JONES","29.12","WEEK 7","","","","","","","","","","","","","","","","","","","","","","","","","","","","","","","","","","","","","","","","","","","","","","","","","","","","","","","","","","","","","",""
"1456","EAGLES","RB","J. WILLIAMS","21.7","WEEK 7","","","","","","","","","","","","","","","","","","","","","","","","","","","","","","","","","","","","","","","","","","","","","","","","","","","","","","","","","","","","","",""
"1456","EAGLES","RB","J. CROSKEY-MERRITT","5.5","WEEK 7","","","","","","","","","","","","","","","","","","","","","","","","","","","","","","","","","","","","","","","","","","","","","","","","","","","","","","","","","","","","","",""
"1456","EAGLES","RB","","","WEEK 7","","","","","","","","","","","","","","","","","","","","","","","","","","","","","","","","","","","","","","","","","","","","","","","","","","","","","","","","","","","","","",""
"1456","EAGLES","WR","X. WORTHY","7.9","WEEK 7","","","","","","","","","","","","","","","","","","","","","","","","","","","","","","","","","","","","","","","","","","","","","","","","","","","","","","","","","","","","","",""
"1456","EAGLES","WR","M. WASHINGTON","14.25","WEEK 7","","","","","","","","","","","","","","","","","","","","","","","","","","","","","","","","","","","","","","","","","","","","","","","","","","","","","","","","","","","","","",""
"1456","EAGLES","WR","M. GOLDEN","7.7","WEEK 7","","","","","","","","","","","","","","","","","","","","","","","","","","","","","","","","","","","","","","","","","","","","","","","","","","","","","","","","","","","","","",""
"1456","EAGLES","WR","","","WEEK 7","","","","","","","","","","","","","","","","","","","","","","","","","","","","","","","","","","","","","","","","","","","","","","","","","","","","","","","","","","","","","",""
"1456","EAGLES","TE","Z. ERTZ","12.7","WEEK 7","","","","","","","","","","","","","","","","","","","","","","","","","","","","","","","","","","","","","","","","","","","","","","","","","","","","","","","","","","","","","",""
"1456","EAGLES","FLEX","G. PICKENS","12.2","WEEK 7","","","","","","","","","","","","","","","","","","","","","","","","","","","","","","","","","","","","","","","","","","","","","","","","","","","","","","","","","","","","","",""
"1456","EAGLES","D/ST","DEN D/ST","13.12","WEEK 7","","","","","","","","","","","","","","","","","","","","","","","","","","","","","","","","","","","","","","","","","","","","","","","","","","","","","","","","","","","","","",""
"1456","EAGLES","K","J. BATES","8","WEEK 7","","","","","","","","","","","","","","","","","","","","","","","","","","","","","","","","","","","","","","","","","","","","","","","","","","","","","","","","","","","","","",""
"1456","EAGLES","HC","KC HC","21.3","WEEK 7","","","","","","","","","","","","","","","","","","","","","","","","","","","","","","","","","","","","","","","","","","","","","","","","","","","","","","","","","","","","","",""
"1456","EAGLES","QB","D. JONES","31.88","WEEK 8","","","","","","","","","","","","","","","","","","","","","","","","","","","","","","","","","","","","","","","","","","","","","","","","","","","","","","","","","","","","","",""
"1456","EAGLES","RB","R. STEVENSON","7.3","WEEK 8","","","","","","","","","","","","","","","","","","","","","","","","","","","","","","","","","","","","","","","","","","","","","","","","","","","","","","","","","","","","","",""
"1456","EAGLES","RB","J. WILLIAMS","19.2","WEEK 8","","","","","","","","","","","","","","","","","","","","","","","","","","","","","","","","","","","","","","","","","","","","","","","","","","","","","","","","","","","","","",""
"1456","EAGLES","RB","","","WEEK 8","","","","","","","","","","","","","","","","","","","","","","","","","","","","","","","","","","","","","","","","","","","","","","","","","","","","","","","","","","","","","",""
"1456","EAGLES","WR","X. WORTHY","10.3","WEEK 8","","","","","","","","","","","","","","","","","","","","","","","","","","","","","","","","","","","","","","","","","","","","","","","","","","","","","","","","","","","","","",""
"1456","EAGLES","WR","M. WASHINGTON","14.05","WEEK 8","","","","","","","","","","","","","","","","","","","","","","","","","","","","","","","","","","","","","","","","","","","","","","","","","","","","","","","","","","","","","",""
"1456","EAGLES","WR","J. DOWNS","12.9","WEEK 8","","","","","","","","","","","","","","","","","","","","","","","","","","","","","","","","","","","","","","","","","","","","","","","","","","","","","","","","","","","","","",""
"1456","EAGLES","WR","","","WEEK 8","","","","","","","","","","","","","","","","","","","","","","","","","","","","","","","","","","","","","","","","","","","","","","","","","","","","","","","","","","","","","",""
"1456","EAGLES","TE","G. KITTLE","14.3","WEEK 8","","","","","","","","","","","","","","","","","","","","","","","","","","","","","","","","","","","","","","","","","","","","","","","","","","","","","","","","","","","","","",""
"1456","EAGLES","FLEX","G. PICKENS","14.8","WEEK 8","","","","","","","","","","","","","","","","","","","","","","","","","","","","","","","","","","","","","","","","","","","","","","","","","","","","","","","","","","","","","",""
"1456","EAGLES","D/ST","DEN D/ST","19.03","WEEK 8","","","","","","","","","","","","","","","","","","","","","","","","","","","","","","","","","","","","","","","","","","","","","","","","","","","","","","","","","","","","","",""
"1456","EAGLES","K","W. LUTZ","9","WEEK 8","","","","","","","","","","","","","","","","","","","","","","","","","","","","","","","","","","","","","","","","","","","","","","","","","","","","","","","","","","","","","",""
"1456","EAGLES","HC","KC HC","16.4","WEEK 8","","","","","","","","","","","","","","","","","","","","","","","","","","","","","","","","","","","","","","","","","","","","","","","","","","","","","","","","","","","","","",""
"1456","EAGLES","QB","D. JONES","17.38","WEEK 9","","","","","","","","","","","","","","","","","","","","","","","","","","","","","","","","","","","","","","","","","","","","","","","","","","","","","","","","","","","","","",""
"1456","EAGLES","RB","J. WILLIAMS","8.8","WEEK 9","","","","","","","","","","","","","","","","","","","","","","","","","","","","","","","","","","","","","","","","","","","","","","","","","","","","","","","","","","","","","",""
"1456","EAGLES","RB","J. CROSKEY-MERRITT","6.3","WEEK 9","","","","","","","","","","","","","","","","","","","","","","","","","","","","","","","","","","","","","","","","","","","","","","","","","","","","","","","","","","","","","",""
"1456","EAGLES","RB","","","WEEK 9","","","","","","","","","","","","","","","","","","","","","","","","","","","","","","","","","","","","","","","","","","","","","","","","","","","","","","","","","","","","","",""
"1456","EAGLES","WR","X. WORTHY","6.1","WEEK 9","","","","","","","","","","","","","","","","","","","","","","","","","","","","","","","","","","","","","","","","","","","","","","","","","","","","","","","","","","","","","",""
"1456","EAGLES","WR","M. WASHINGTON","9.3","WEEK 9","","","","","","","","","","","","","","","","","","","","","","","","","","","","","","","","","","","","","","","","","","","","","","","","","","","","","","","","","","","","","",""
"1456","EAGLES","WR","J. DOWNS","16.85","WEEK 9","","","","","","","","","","","","","","","","","","","","","","","","","","","","","","","","","","","","","","","","","","","","","","","","","","","","","","","","","","","","","",""
"1456","EAGLES","WR","","","WEEK 9","","","","","","","","","","","","","","","","","","","","","","","","","","","","","","","","","","","","","","","","","","","","","","","","","","","","","","","","","","","","","",""
"1456","EAGLES","TE","G. KITTLE","7","WEEK 9","","","","","","","","","","","","","","","","","","","","","","","","","","","","","","","","","","","","","","","","","","","","","","","","","","","","","","","","","","","","","",""
"1456","EAGLES","FLEX","G. PICKENS","13.9","WEEK 9","","","","","","","","","","","","","","","","","","","","","","","","","","","","","","","","","","","","","","","","","","","","","","","","","","","","","","","","","","","","","",""
"1456","EAGLES","D/ST","DEN D/ST","17.2","WEEK 9","","","","","","","","","","","","","","","","","","","","","","","","","","","","","","","","","","","","","","","","","","","","","","","","","","","","","","","","","","","","","",""
"1456","EAGLES","K","W. LUTZ","3","WEEK 9","","","","","","","","","","","","","","","","","","","","","","","","","","","","","","","","","","","","","","","","","","","","","","","","","","","","","","","","","","","","","",""
"1456","EAGLES","HC","KC HC","3.3","WEEK 9","","","","","","","","","","","","","","","","","","","","","","","","","","","","","","","","","","","","","","","","","","","","","","","","","","","","","","","","","","","","","",""
"1456","EAGLES","QB","J. ALLEN","27.14","WEEK 10","","","","","","","","","","","","","","","","","","","","","","","","","","","","","","","","","","","","","","","","","","","","","","","","","","","","","","","","","","","","","",""
"1456","EAGLES","RB","J. CROSKEY-MERRITT","4.1","WEEK 10","","","","","","","","","","","","","","","","","","","","","","","","","","","","","","","","","","","","","","","","","","","","","","","","","","","","","","","","","","","","","",""
"1456","EAGLES","RB","W. MARKS","17.5","WEEK 10","","","","","","","","","","","","","","","","","","","","","","","","","","","","","","","","","","","","","","","","","","","","","","","","","","","","","","","","","","","","","",""
"1456","EAGLES","RB","","","WEEK 10","","","","","","","","","","","","","","","","","","","","","","","","","","","","","","","","","","","","","","","","","","","","","","","","","","","","","","","","","","","","","",""
"1456","EAGLES","WR","M. WASHINGTON","11.25","WEEK 10","","","","","","","","","","","","","","","","","","","","","","","","","","","","","","","","","","","","","","","","","","","","","","","","","","","","","","","","","","","","","",""
"1456","EAGLES","WR","J. DOWNS","2.9","WEEK 10","","","","","","","","","","","","","","","","","","","","","","","","","","","","","","","","","","","","","","","","","","","","","","","","","","","","","","","","","","","","","",""
"1456","EAGLES","WR","J. WILLIAMS","24.9","WEEK 10","","","","","","","","","","","","","","","","","","","","","","","","","","","","","","","","","","","","","","","","","","","","","","","","","","","","","","","","","","","","","",""
"1456","EAGLES","WR","","","WEEK 10","","","","","","","","","","","","","","","","","","","","","","","","","","","","","","","","","","","","","","","","","","","","","","","","","","","","","","","","","","","","","",""
"1456","EAGLES","TE","G. KITTLE","23.4","WEEK 10","","","","","","","","","","","","","","","","","","","","","","","","","","","","","","","","","","","","","","","","","","","","","","","","","","","","","","","","","","","","","",""
"1456","EAGLES","FLEX","Z. ERTZ","9.4","WEEK 10","","","","","","","","","","","","","","","","","","","","","","","","","","","","","","","","","","","","","","","","","","","","","","","","","","","","","","","","","","","","","",""
"1456","EAGLES","D/ST","DEN D/ST","27.67","WEEK 10","","","","","","","","","","","","","","","","","","","","","","","","","","","","","","","","","","","","","","","","","","","","","","","","","","","","","","","","","","","","","",""
"1456","EAGLES","K","W. LUTZ","3","WEEK 10","","","","","","","","","","","","","","","","","","","","","","","","","","","","","","","","","","","","","","","","","","","","","","","","","","","","","","","","","","","","","",""
"1456","EAGLES","HC","GB HC","0.1","WEEK 10","","","","","","","","","","","","","","","","","","","","","","","","","","","","","","","","","","","","","","","","","","","","","","","","","","","","","","","","","","","","","",""
"1456","EAGLES","QB","J. ALLEN","9.82","WEEK 12","","","","","","","","","","","","","","","","","","","","","","","","","","","","","","","","","","","","","","","","","","","","","","","","","","","","","","","","","","","","","",""
"1456","EAGLES","RB","JA. WILLIAMS","14.1","WEEK 12","","","","","","","","","","","","","","","","","","","","","","","","","","","","","","","","","","","","","","","","","","","","","","","","","","","","","","","","","","","","","",""
"1456","EAGLES","RB","W. MARKS","9.5","WEEK 12","","","","","","","","","","","","","","","","","","","","","","","","","","","","","","","","","","","","","","","","","","","","","","","","","","","","","","","","","","","","","",""
"1456","EAGLES","RB","","","WEEK 12","","","","","","","","","","","","","","","","","","","","","","","","","","","","","","","","","","","","","","","","","","","","","","","","","","","","","","","","","","","","","",""
"1456","EAGLES","WR","G. PICKENS","30.6","WEEK 12","","","","","","","","","","","","","","","","","","","","","","","","","","","","","","","","","","","","","","","","","","","","","","","","","","","","","","","","","","","","","",""
"1456","EAGLES","WR","J. DOWNS","3","WEEK 12","","","","","","","","","","","","","","","","","","","","","","","","","","","","","","","","","","","","","","","","","","","","","","","","","","","","","","","","","","","","","",""
"1456","EAGLES","WR","JM. WILLIAMS","0","WEEK 12","","","","","","","","","","","","","","","","","","","","","","","","","","","","","","","","","","","","","","","","","","","","","","","","","","","","","","","","","","","","","",""
"1456","EAGLES","WR","","","WEEK 12","","","","","","","","","","","","","","","","","","","","","","","","","","","","","","","","","","","","","","","","","","","","","","","","","","","","","","","","","","","","","",""
"1456","EAGLES","TE","G. KITTLE","13.8","WEEK 12","","","","","","","","","","","","","","","","","","","","","","","","","","","","","","","","","","","","","","","","","","","","","","","","","","","","","","","","","","","","","",""
"1456","EAGLES","FLEX","C. WATSON","9.9","WEEK 12","","","","","","","","","","","","","","","","","","","","","","","","","","","","","","","","","","","","","","","","","","","","","","","","","","","","","","","","","","","","","",""
"1456","EAGLES","D/ST","NYG D/ST","5.1","WEEK 12","","","","","","","","","","","","","","","","","","","","","","","","","","","","","","","","","","","","","","","","","","","","","","","","","","","","","","","","","","","","","",""
"1456","EAGLES","K","H. MEVIS","14","WEEK 12","","","","","","","","","","","","","","","","","","","","","","","","","","","","","","","","","","","","","","","","","","","","","","","","","","","","","","","","","","","","","",""
"1456","EAGLES","HC","GB HC","12.9","WEEK 12","","","","","","","","","","","","","","","","","","","","","","","","","","","","","","","","","","","","","","","","","","","","","","","","","","","","","","","","","","","","","",""
"1456","EAGLES","QB","J. ALLEN","20.12","WEEK 13","","","","","","","","","","","","","","","","","","","","","","","","","","","","","","","","","","","","","","","","","","","","","","","","","","","","","","","","","","","","","",""
"1456","EAGLES","RB","JA. WILLIAMS","18.7","WEEK 13","","","","","","","","","","","","","","","","","","","","","","","","","","","","","","","","","","","","","","","","","","","","","","","","","","","","","","","","","","","","","",""
"1456","EAGLES","RB","W. MARKS","9.6","WEEK 13","","","","","","","","","","","","","","","","","","","","","","","","","","","","","","","","","","","","","","","","","","","","","","","","","","","","","","","","","","","","","",""
"1456","EAGLES","RB","","","WEEK 13","","","","","","","","","","","","","","","","","","","","","","","","","","","","","","","","","","","","","","","","","","","","","","","","","","","","","","","","","","","","","",""
"1456","EAGLES","WR","G. PICKENS","16.8","WEEK 13","","","","","","","","","","","","","","","","","","","","","","","","","","","","","","","","","","","","","","","","","","","","","","","","","","","","","","","","","","","","","",""
"1456","EAGLES","WR","M. WASHINGTON","9.5","WEEK 13","","","","","","","","","","","","","","","","","","","","","","","","","","","","","","","","","","","","","","","","","","","","","","","","","","","","","","","","","","","","","",""
"1456","EAGLES","WR","JM. WILLIAMS","28","WEEK 13","","","","","","","","","","","","","","","","","","","","","","","","","","","","","","","","","","","","","","","","","","","","","","","","","","","","","","","","","","","","","",""
"1456","EAGLES","WR","","","WEEK 13","","","","","","","","","","","","","","","","","","","","","","","","","","","","","","","","","","","","","","","","","","","","","","","","","","","","","","","","","","","","","",""
"1456","EAGLES","TE","G. KITTLE","10.7","WEEK 13","","","","","","","","","","","","","","","","","","","","","","","","","","","","","","","","","","","","","","","","","","","","","","","","","","","","","","","","","","","","","",""
"1456","EAGLES","FLEX","C. WATSON","18.4","WEEK 13","","","","","","","","","","","","","","","","","","","","","","","","","","","","","","","","","","","","","","","","","","","","","","","","","","","","","","","","","","","","","",""
"1456","EAGLES","D/ST","DEN D/ST","12.7","WEEK 13","","","","","","","","","","","","","","","","","","","","","","","","","","","","","","","","","","","","","","","","","","","","","","","","","","","","","","","","","","","","","",""
"1456","EAGLES","K","H. MEVIS","4","WEEK 13","","","","","","","","","","","","","","","","","","","","","","","","","","","","","","","","","","","","","","","","","","","","","","","","","","","","","","","","","","","","","",""
"1456","EAGLES","HC","GB HC","12.3","WEEK 13","","","","","","","","","","","","","","","","","","","","","","","","","","","","","","","","","","","","","","","","","","","","","","","","","","","","","","","","","","","","","",""
"1456","EAGLES","QB","J. ALLEN","47.94","WEEK 14","","","","","","","","","","","","","","","","","","","","","","","","","","","","","","","","","","","","","","","","","","","","","","","","","","","","","","","","","","","","","",""
"1456","EAGLES","RB","JA. WILLIAMS","16.4","WEEK 14","","","","","","","","","","","","","","","","","","","","","","","","","","","","","","","","","","","","","","","","","","","","","","","","","","","","","","","","","","","","","",""
"1456","EAGLES","RB","W. MARKS","18.2","WEEK 14","","","","","","","","","","","","","","","","","","","","","","","","","","","","","","","","","","","","","","","","","","","","","","","","","","","","","","","","","","","","","",""
"1456","EAGLES","RB","","","WEEK 14","","","","","","","","","","","","","","","","","","","","","","","","","","","","","","","","","","","","","","","","","","","","","","","","","","","","","","","","","","","","","",""
"1456","EAGLES","WR","G. PICKENS","8.7","WEEK 14","","","","","","","","","","","","","","","","","","","","","","","","","","","","","","","","","","","","","","","","","","","","","","","","","","","","","","","","","","","","","",""
"1456","EAGLES","WR","M. WASHINGTON","6.85","WEEK 14","","","","","","","","","","","","","","","","","","","","","","","","","","","","","","","","","","","","","","","","","","","","","","","","","","","","","","","","","","","","","",""
"1456","EAGLES","WR","JM. WILLIAMS","17.4","WEEK 14","","","","","","","","","","","","","","","","","","","","","","","","","","","","","","","","","","","","","","","","","","","","","","","","","","","","","","","","","","","","","",""
"1456","EAGLES","WR","","","WEEK 14","","","","","","","","","","","","","","","","","","","","","","","","","","","","","","","","","","","","","","","","","","","","","","","","","","","","","","","","","","","","","",""
"1456","EAGLES","TE","Z. ERTZ","2.1","WEEK 14","","","","","","","","","","","","","","","","","","","","","","","","","","","","","","","","","","","","","","","","","","","","","","","","","","","","","","","","","","","","","",""
"1456","EAGLES","FLEX","C. WATSON","24.9","WEEK 14","","","","","","","","","","","","","","","","","","","","","","","","","","","","","","","","","","","","","","","","","","","","","","","","","","","","","","","","","","","","","",""
"1456","EAGLES","D/ST","DEN D/ST","22.79","WEEK 14","","","","","","","","","","","","","","","","","","","","","","","","","","","","","","","","","","","","","","","","","","","","","","","","","","","","","","","","","","","","","",""
"1456","EAGLES","K","H. MEVIS","9","WEEK 14","","","","","","","","","","","","","","","","","","","","","","","","","","","","","","","","","","","","","","","","","","","","","","","","","","","","","","","","","","","","","",""
"1456","EAGLES","HC","GB HC","11.4","WEEK 14","","","","","","","","","","","","","","","","","","","","","","","","","","","","","","","","","","","","","","","","","","","","","","","","","","","","","","","","","","","","","",""
"1456","KINGS","QB","P. MAHOMES","30.42","WEEK 1","","","","","","","","","","","","","","","","","","","","","","","","","","","","","","","","","","","","","","","","","","","","","","","","","","","","","","","","","","","","","",""
"1456","KINGS","RB","C. MCCAFFREY","25.4","WEEK 1","","","","","","","","","","","","","","","","","","","","","","","","","","","","","","","","","","","","","","","","","","","","","","","","","","","","","","","","","","","","","",""
"1456","KINGS","RB","N. CHUBB","7.3","WEEK 1","","","","","","","","","","","","","","","","","","","","","","","","","","","","","","","","","","","","","","","","","","","","","","","","","","","","","","","","","","","","","",""
"1456","KINGS","RB","","","WEEK 1","","","","","","","","","","","","","","","","","","","","","","","","","","","","","","","","","","","","","","","","","","","","","","","","","","","","","","","","","","","","","",""
"1456","KINGS","WR","T. HILL","8","WEEK 1","","","","","","","","","","","","","","","","","","","","","","","","","","","","","","","","","","","","","","","","","","","","","","","","","","","","","","","","","","","","","",""
"1456","KINGS","WR","L. MCCONKEY","13.4","WEEK 1","","","","","","","","","","","","","","","","","","","","","","","","","","","","","","","","","","","","","","","","","","","","","","","","","","","","","","","","","","","","","",""
"1456","KINGS","WR","D. MOORE","8.9","WEEK 1","","","","","","","","","","","","","","","","","","","","","","","","","","","","","","","","","","","","","","","","","","","","","","","","","","","","","","","","","","","","","",""
"1456","KINGS","WR","","","WEEK 1","","","","","","","","","","","","","","","","","","","","","","","","","","","","","","","","","","","","","","","","","","","","","","","","","","","","","","","","","","","","","",""
"1456","KINGS","TE","H. HENRY","10.6","WEEK 1","","","","","","","","","","","","","","","","","","","","","","","","","","","","","","","","","","","","","","","","","","","","","","","","","","","","","","","","","","","","","",""
"1456","KINGS","FLEX","T. HUNTER","9.3","WEEK 1","","","","","","","","","","","","","","","","","","","","","","","","","","","","","","","","","","","","","","","","","","","","","","","","","","","","","","","","","","","","","",""
"1456","KINGS","D/ST","PHI D/ST","4.6","WEEK 1","","","","","","","","","","","","","","","","","","","","","","","","","","","","","","","","","","","","","","","","","","","","","","","","","","","","","","","","","","","","","",""
"1456","KINGS","K","H. BUTKER","12","WEEK 1","","","","","","","","","","","","","","","","","","","","","","","","","","","","","","","","","","","","","","","","","","","","","","","","","","","","","","","","","","","","","",""
"1456","KINGS","HC","WSH HC","12.3","WEEK 1","","","","","","","","","","","","","","","","","","","","","","","","","","","","","","","","","","","","","","","","","","","","","","","","","","","","","","","","","","","","","",""
"1456","KINGS","QB","P. MAHOMES","24.58","WEEK 2","","","","","","","","","","","","","","","","","","","","","","","","","","","","","","","","","","","","","","","","","","","","","","","","","","","","","","","","","","","","","",""
"1456","KINGS","RB","C. MCCAFFREY","24","WEEK 2","","","","","","","","","","","","","","","","","","","","","","","","","","","","","","","","","","","","","","","","","","","","","","","","","","","","","","","","","","","","","",""
"1456","KINGS","RB","N. CHUBB","16.4","WEEK 2","","","","","","","","","","","","","","","","","","","","","","","","","","","","","","","","","","","","","","","","","","","","","","","","","","","","","","","","","","","","","",""
"1456","KINGS","RB","","","WEEK 2","","","","","","","","","","","","","","","","","","","","","","","","","","","","","","","","","","","","","","","","","","","","","","","","","","","","","","","","","","","","","",""
"1456","KINGS","WR","T. HILL","18.85","WEEK 2","","","","","","","","","","","","","","","","","","","","","","","","","","","","","","","","","","","","","","","","","","","","","","","","","","","","","","","","","","","","","",""
"1456","KINGS","WR","L. MCCONKEY","9.8","WEEK 2","","","","","","","","","","","","","","","","","","","","","","","","","","","","","","","","","","","","","","","","","","","","","","","","","","","","","","","","","","","","","",""
"1456","KINGS","WR","D. MOORE","9.6","WEEK 2","","","","","","","","","","","","","","","","","","","","","","","","","","","","","","","","","","","","","","","","","","","","","","","","","","","","","","","","","","","","","",""
"1456","KINGS","WR","","","WEEK 2","","","","","","","","","","","","","","","","","","","","","","","","","","","","","","","","","","","","","","","","","","","","","","","","","","","","","","","","","","","","","",""
"1456","KINGS","TE","H. HENRY","1.9","WEEK 2","","","","","","","","","","","","","","","","","","","","","","","","","","","","","","","","","","","","","","","","","","","","","","","","","","","","","","","","","","","","","",""
"1456","KINGS","FLEX","T. HUNTER","5.2","WEEK 2","","","","","","","","","","","","","","","","","","","","","","","","","","","","","","","","","","","","","","","","","","","","","","","","","","","","","","","","","","","","","",""
"1456","KINGS","D/ST","PHI D/ST","16.57","WEEK 2","","","","","","","","","","","","","","","","","","","","","","","","","","","","","","","","","","","","","","","","","","","","","","","","","","","","","","","","","","","","","",""
"1456","KINGS","K","H. BUTKER","7","WEEK 2","","","","","","","","","","","","","","","","","","","","","","","","","","","","","","","","","","","","","","","","","","","","","","","","","","","","","","","","","","","","","",""
"1456","KINGS","HC","WSH HC","2.4","WEEK 2","","","","","","","","","","","","","","","","","","","","","","","","","","","","","","","","","","","","","","","","","","","","","","","","","","","","","","","","","","","","","",""
"1456","KINGS","QB","P. MAHOMES","17.06","WEEK 3","","","","","","","","","","","","","","","","","","","","","","","","","","","","","","","","","","","","","","","","","","","","","","","","","","","","","","","","","","","","","",""
"1456","KINGS","RB","C. MCCAFFREY","25.7","WEEK 3","","","","","","","","","","","","","","","","","","","","","","","","","","","","","","","","","","","","","","","","","","","","","","","","","","","","","","","","","","","","","",""
"1456","KINGS","RB","N. CHUBB","7.9","WEEK 3","","","","","","","","","","","","","","","","","","","","","","","","","","","","","","","","","","","","","","","","","","","","","","","","","","","","","","","","","","","","","",""
"1456","KINGS","RB","","","WEEK 3","","","","","","","","","","","","","","","","","","","","","","","","","","","","","","","","","","","","","","","","","","","","","","","","","","","","","","","","","","","","","",""
"1456","KINGS","WR","T. HILL","15.9","WEEK 3","","","","","","","","","","","","","","","","","","","","","","","","","","","","","","","","","","","","","","","","","","","","","","","","","","","","","","","","","","","","","",""
"1456","KINGS","WR","L. MCCONKEY","8.6","WEEK 3","","","","","","","","","","","","","","","","","","","","","","","","","","","","","","","","","","","","","","","","","","","","","","","","","","","","","","","","","","","","","",""
"1456","KINGS","WR","D. MOORE","13.1","WEEK 3","","","","","","","","","","","","","","","","","","","","","","","","","","","","","","","","","","","","","","","","","","","","","","","","","","","","","","","","","","","","","",""
"1456","KINGS","WR","","","WEEK 3","","","","","","","","","","","","","","","","","","","","","","","","","","","","","","","","","","","","","","","","","","","","","","","","","","","","","","","","","","","","","",""
"1456","KINGS","TE","H. HENRY","29","WEEK 3","","","","","","","","","","","","","","","","","","","","","","","","","","","","","","","","","","","","","","","","","","","","","","","","","","","","","","","","","","","","","",""
"1456","KINGS","FLEX","T. HUNTER","3.1","WEEK 3","","","","","","","","","","","","","","","","","","","","","","","","","","","","","","","","","","","","","","","","","","","","","","","","","","","","","","","","","","","","","",""
"1456","KINGS","D/ST","PHI D/ST","16.75","WEEK 3","","","","","","","","","","","","","","","","","","","","","","","","","","","","","","","","","","","","","","","","","","","","","","","","","","","","","","","","","","","","","",""
"1456","KINGS","K","H. BUTKER","12.5","WEEK 3","","","","","","","","","","","","","","","","","","","","","","","","","","","","","","","","","","","","","","","","","","","","","","","","","","","","","","","","","","","","","",""
"1456","KINGS","HC","WSH HC","18.3","WEEK 3","","","","","","","","","","","","","","","","","","","","","","","","","","","","","","","","","","","","","","","","","","","","","","","","","","","","","","","","","","","","","",""
"1456","KINGS","QB","P. MAHOMES","38.3","WEEK 4","","","","","","","","","","","","","","","","","","","","","","","","","","","","","","","","","","","","","","","","","","","","","","","","","","","","","","","","","","","","","",""
"1456","KINGS","RB","C. MCCAFFREY","27.8","WEEK 4","","","","","","","","","","","","","","","","","","","","","","","","","","","","","","","","","","","","","","","","","","","","","","","","","","","","","","","","","","","","","",""
"1456","KINGS","RB","N. CHUBB","9.5","WEEK 4","","","","","","","","","","","","","","","","","","","","","","","","","","","","","","","","","","","","","","","","","","","","","","","","","","","","","","","","","","","","","",""
"1456","KINGS","RB","","","WEEK 4","","","","","","","","","","","","","","","","","","","","","","","","","","","","","","","","","","","","","","","","","","","","","","","","","","","","","","","","","","","","","",""
"1456","KINGS","WR","T. HILL","12.7","WEEK 4","","","","","","","","","","","","","","","","","","","","","","","","","","","","","","","","","","","","","","","","","","","","","","","","","","","","","","","","","","","","","",""
"1456","KINGS","WR","L. MCCONKEY","2.1","WEEK 4","","","","","","","","","","","","","","","","","","","","","","","","","","","","","","","","","","","","","","","","","","","","","","","","","","","","","","","","","","","","","",""
"1456","KINGS","WR","D. MOORE","7.8","WEEK 4","","","","","","","","","","","","","","","","","","","","","","","","","","","","","","","","","","","","","","","","","","","","","","","","","","","","","","","","","","","","","",""
"1456","KINGS","WR","","","WEEK 4","","","","","","","","","","","","","","","","","","","","","","","","","","","","","","","","","","","","","","","","","","","","","","","","","","","","","","","","","","","","","",""
"1456","KINGS","TE","H. HENRY","11.9","WEEK 4","","","","","","","","","","","","","","","","","","","","","","","","","","","","","","","","","","","","","","","","","","","","","","","","","","","","","","","","","","","","","",""
"1456","KINGS","FLEX","T. TUCKER","4.75","WEEK 4","","","","","","","","","","","","","","","","","","","","","","","","","","","","","","","","","","","","","","","","","","","","","","","","","","","","","","","","","","","","","",""
"1456","KINGS","D/ST","PHI D/ST","25.64","WEEK 4","","","","","","","","","","","","","","","","","","","","","","","","","","","","","","","","","","","","","","","","","","","","","","","","","","","","","","","","","","","","","",""
"1456","KINGS","K","H. BUTKER","12","WEEK 4","","","","","","","","","","","","","","","","","","","","","","","","","","","","","","","","","","","","","","","","","","","","","","","","","","","","","","","","","","","","","",""
"1456","KINGS","HC","WSH HC","5.1","WEEK 4","","","","","","","","","","","","","","","","","","","","","","","","","","","","","","","","","","","","","","","","","","","","","","","","","","","","","","","","","","","","","",""
"1456","KINGS","QB","P. MAHOMES","32.92","WEEK 5","","","","","","","","","","","","","","","","","","","","","","","","","","","","","","","","","","","","","","","","","","","","","","","","","","","","","","","","","","","","","",""
"1456","KINGS","RB","C. MCCAFFREY","30.1","WEEK 5","","","","","","","","","","","","","","","","","","","","","","","","","","","","","","","","","","","","","","","","","","","","","","","","","","","","","","","","","","","","","",""
"1456","KINGS","RB","N. CHUBB","13.2","WEEK 5","","","","","","","","","","","","","","","","","","","","","","","","","","","","","","","","","","","","","","","","","","","","","","","","","","","","","","","","","","","","","",""
"1456","KINGS","RB","","","WEEK 5","","","","","","","","","","","","","","","","","","","","","","","","","","","","","","","","","","","","","","","","","","","","","","","","","","","","","","","","","","","","","",""
"1456","KINGS","WR","L. MCCONKEY","14.9","WEEK 5","","","","","","","","","","","","","","","","","","","","","","","","","","","","","","","","","","","","","","","","","","","","","","","","","","","","","","","","","","","","","",""
"1456","KINGS","WR","J. ADDISON","15.1","WEEK 5","","","","","","","","","","","","","","","","","","","","","","","","","","","","","","","","","","","","","","","","","","","","","","","","","","","","","","","","","","","","","",""
"1456","KINGS","WR","K. SHAKIR","11.1","WEEK 5","","","","","","","","","","","","","","","","","","","","","","","","","","","","","","","","","","","","","","","","","","","","","","","","","","","","","","","","","","","","","",""
"1456","KINGS","WR","","","WEEK 5","","","","","","","","","","","","","","","","","","","","","","","","","","","","","","","","","","","","","","","","","","","","","","","","","","","","","","","","","","","","","",""
"1456","KINGS","TE","H. HENRY","6.6","WEEK 5","","","","","","","","","","","","","","","","","","","","","","","","","","","","","","","","","","","","","","","","","","","","","","","","","","","","","","","","","","","","","",""
"1456","KINGS","FLEX","T. TUCKER","11.2","WEEK 5","","","","","","","","","","","","","","","","","","","","","","","","","","","","","","","","","","","","","","","","","","","","","","","","","","","","","","","","","","","","","",""
"1456","KINGS","D/ST","PHI D/ST","9.7","WEEK 5","","","","","","","","","","","","","","","","","","","","","","","","","","","","","","","","","","","","","","","","","","","","","","","","","","","","","","","","","","","","","",""
"1456","KINGS","K","H. BUTKER","4","WEEK 5","","","","","","","","","","","","","","","","","","","","","","","","","","","","","","","","","","","","","","","","","","","","","","","","","","","","","","","","","","","","","",""
"1456","KINGS","HC","IND HC","24","WEEK 5","","","","","","","","","","","","","","","","","","","","","","","","","","","","","","","","","","","","","","","","","","","","","","","","","","","","","","","","","","","","","",""
"1456","KINGS","QB","P. MAHOMES","41.28","WEEK 6","","","","","","","","","","","","","","","","","","","","","","","","","","","","","","","","","","","","","","","","","","","","","","","","","","","","","","","","","","","","","",""
"1456","KINGS","RB","C. MCCAFFREY","25.8","WEEK 6","","","","","","","","","","","","","","","","","","","","","","","","","","","","","","","","","","","","","","","","","","","","","","","","","","","","","","","","","","","","","",""
"1456","KINGS","RB","Z. CHARBONNET","5.9","WEEK 6","","","","","","","","","","","","","","","","","","","","","","","","","","","","","","","","","","","","","","","","","","","","","","","","","","","","","","","","","","","","","",""
"1456","KINGS","RB","","","WEEK 6","","","","","","","","","","","","","","","","","","","","","","","","","","","","","","","","","","","","","","","","","","","","","","","","","","","","","","","","","","","","","",""
"1456","KINGS","WR","L. MCCONKEY","24","WEEK 6","","","","","","","","","","","","","","","","","","","","","","","","","","","","","","","","","","","","","","","","","","","","","","","","","","","","","","","","","","","","","",""
"1456","KINGS","WR","T. TUCKER","12","WEEK 6","","","","","","","","","","","","","","","","","","","","","","","","","","","","","","","","","","","","","","","","","","","","","","","","","","","","","","","","","","","","","",""
"1456","KINGS","WR","K. SHAKIR","6.3","WEEK 6","","","","","","","","","","","","","","","","","","","","","","","","","","","","","","","","","","","","","","","","","","","","","","","","","","","","","","","","","","","","","",""
"1456","KINGS","WR","","","WEEK 6","","","","","","","","","","","","","","","","","","","","","","","","","","","","","","","","","","","","","","","","","","","","","","","","","","","","","","","","","","","","","",""
"1456","KINGS","TE","H. HENRY","5.7","WEEK 6","","","","","","","","","","","","","","","","","","","","","","","","","","","","","","","","","","","","","","","","","","","","","","","","","","","","","","","","","","","","","",""
"1456","KINGS","FLEX","K. GAINWELL","11.4","WEEK 6","","","","","","","","","","","","","","","","","","","","","","","","","","","","","","","","","","","","","","","","","","","","","","","","","","","","","","","","","","","","","",""
"1456","KINGS","D/ST","PHI D/ST","4.48","WEEK 6","","","","","","","","","","","","","","","","","","","","","","","","","","","","","","","","","","","","","","","","","","","","","","","","","","","","","","","","","","","","","",""
"1456","KINGS","K","H. BUTKER","6","WEEK 6","","","","","","","","","","","","","","","","","","","","","","","","","","","","","","","","","","","","","","","","","","","","","","","","","","","","","","","","","","","","","",""
"1456","KINGS","HC","IND HC","11.3","WEEK 6","","","","","","","","","","","","","","","","","","","","","","","","","","","","","","","","","","","","","","","","","","","","","","","","","","","","","","","","","","","","","",""
"1456","KINGS","QB","P. MAHOMES","36.04","WEEK 7","","","","","","","","","","","","","","","","","","","","","","","","","","","","","","","","","","","","","","","","","","","","","","","","","","","","","","","","","","","","","",""
"1456","KINGS","RB","C. MCCAFFREY","42.5","WEEK 7","","","","","","","","","","","","","","","","","","","","","","","","","","","","","","","","","","","","","","","","","","","","","","","","","","","","","","","","","","","","","",""
"1456","KINGS","RB","Z. CHARBONNET","20.7","WEEK 7","","","","","","","","","","","","","","","","","","","","","","","","","","","","","","","","","","","","","","","","","","","","","","","","","","","","","","","","","","","","","",""
"1456","KINGS","RB","","","WEEK 7","","","","","","","","","","","","","","","","","","","","","","","","","","","","","","","","","","","","","","","","","","","","","","","","","","","","","","","","","","","","","",""
"1456","KINGS","WR","L. MCCONKEY","15.7","WEEK 7","","","","","","","","","","","","","","","","","","","","","","","","","","","","","","","","","","","","","","","","","","","","","","","","","","","","","","","","","","","","","",""
"1456","KINGS","WR","J. ADDISON","22.8","WEEK 7","","","","","","","","","","","","","","","","","","","","","","","","","","","","","","","","","","","","","","","","","","","","","","","","","","","","","","","","","","","","","",""
"1456","KINGS","WR","T. TUCKER","8.3","WEEK 7","","","","","","","","","","","","","","","","","","","","","","","","","","","","","","","","","","","","","","","","","","","","","","","","","","","","","","","","","","","","","",""
"1456","KINGS","WR","","","WEEK 7","","","","","","","","","","","","","","","","","","","","","","","","","","","","","","","","","","","","","","","","","","","","","","","","","","","","","","","","","","","","","",""
"1456","KINGS","TE","H. HENRY","7.3","WEEK 7","","","","","","","","","","","","","","","","","","","","","","","","","","","","","","","","","","","","","","","","","","","","","","","","","","","","","","","","","","","","","",""
"1456","KINGS","FLEX","K. GAINWELL","8.2","WEEK 7","","","","","","","","","","","","","","","","","","","","","","","","","","","","","","","","","","","","","","","","","","","","","","","","","","","","","","","","","","","","","",""
"1456","KINGS","D/ST","PHI D/ST","22.3","WEEK 7","","","","","","","","","","","","","","","","","","","","","","","","","","","","","","","","","","","","","","","","","","","","","","","","","","","","","","","","","","","","","",""
"1456","KINGS","K","H. BUTKER","7","WEEK 7","","","","","","","","","","","","","","","","","","","","","","","","","","","","","","","","","","","","","","","","","","","","","","","","","","","","","","","","","","","","","",""
"1456","KINGS","HC","IND HC","15.4","WEEK 7","","","","","","","","","","","","","","","","","","","","","","","","","","","","","","","","","","","","","","","","","","","","","","","","","","","","","","","","","","","","","",""
"1456","KINGS","QB","P. MAHOMES","30.96","WEEK 8","","","","","","","","","","","","","","","","","","","","","","","","","","","","","","","","","","","","","","","","","","","","","","","","","","","","","","","","","","","","","",""
"1456","KINGS","RB","C. MCCAFFREY","10.6","WEEK 8","","","","","","","","","","","","","","","","","","","","","","","","","","","","","","","","","","","","","","","","","","","","","","","","","","","","","","","","","","","","","",""
"1456","KINGS","RB","K. GAINWELL","8.5","WEEK 8","","","","","","","","","","","","","","","","","","","","","","","","","","","","","","","","","","","","","","","","","","","","","","","","","","","","","","","","","","","","","",""
"1456","KINGS","RB","","","WEEK 8","","","","","","","","","","","","","","","","","","","","","","","","","","","","","","","","","","","","","","","","","","","","","","","","","","","","","","","","","","","","","",""
"1456","KINGS","WR","L. MCCONKEY","20.8","WEEK 8","","","","","","","","","","","","","","","","","","","","","","","","","","","","","","","","","","","","","","","","","","","","","","","","","","","","","","","","","","","","","",""
"1456","KINGS","WR","J. ADDISON","11.6","WEEK 8","","","","","","","","","","","","","","","","","","","","","","","","","","","","","","","","","","","","","","","","","","","","","","","","","","","","","","","","","","","","","",""
"1456","KINGS","WR","K. SHAKIR","21.2","WEEK 8","","","","","","","","","","","","","","","","","","","","","","","","","","","","","","","","","","","","","","","","","","","","","","","","","","","","","","","","","","","","","",""
"1456","KINGS","WR","","","WEEK 8","","","","","","","","","","","","","","","","","","","","","","","","","","","","","","","","","","","","","","","","","","","","","","","","","","","","","","","","","","","","","",""
"1456","KINGS","TE","C. OTTON","8","WEEK 8","","","","","","","","","","","","","","","","","","","","","","","","","","","","","","","","","","","","","","","","","","","","","","","","","","","","","","","","","","","","","",""
"1456","KINGS","FLEX","D.J. MOORE","11.8","WEEK 8","","","","","","","","","","","","","","","","","","","","","","","","","","","","","","","","","","","","","","","","","","","","","","","","","","","","","","","","","","","","","",""
"1456","KINGS","D/ST","PHI D/ST","18.31","WEEK 8","","","","","","","","","","","","","","","","","","","","","","","","","","","","","","","","","","","","","","","","","","","","","","","","","","","","","","","","","","","","","",""
"1456","KINGS","K","H. BUTKER","4","WEEK 8","","","","","","","","","","","","","","","","","","","","","","","","","","","","","","","","","","","","","","","","","","","","","","","","","","","","","","","","","","","","","",""
"1456","KINGS","HC","IND HC","19.4","WEEK 8","","","","","","","","","","","","","","","","","","","","","","","","","","","","","","","","","","","","","","","","","","","","","","","","","","","","","","","","","","","","","",""
"1456","KINGS","QB","P. MAHOMES","9","WEEK 9","","","","","","","","","","","","","","","","","","","","","","","","","","","","","","","","","","","","","","","","","","","","","","","","","","","","","","","","","","","","","",""
"1456","KINGS","RB","C. MCCAFFREY","38.1","WEEK 9","","","","","","","","","","","","","","","","","","","","","","","","","","","","","","","","","","","","","","","","","","","","","","","","","","","","","","","","","","","","","",""
"1456","KINGS","RB","K. GAINWELL","7.7","WEEK 9","","","","","","","","","","","","","","","","","","","","","","","","","","","","","","","","","","","","","","","","","","","","","","","","","","","","","","","","","","","","","",""
"1456","KINGS","RB","","","WEEK 9","","","","","","","","","","","","","","","","","","","","","","","","","","","","","","","","","","","","","","","","","","","","","","","","","","","","","","","","","","","","","",""
"1456","KINGS","WR","L. MCCONKEY","9.6","WEEK 9","","","","","","","","","","","","","","","","","","","","","","","","","","","","","","","","","","","","","","","","","","","","","","","","","","","","","","","","","","","","","",""
"1456","KINGS","WR","D.J. MOORE","25.28","WEEK 9","","","","","","","","","","","","","","","","","","","","","","","","","","","","","","","","","","","","","","","","","","","","","","","","","","","","","","","","","","","","","",""
"1456","KINGS","WR","J. ADDISON","8.5","WEEK 9","","","","","","","","","","","","","","","","","","","","","","","","","","","","","","","","","","","","","","","","","","","","","","","","","","","","","","","","","","","","","",""
"1456","KINGS","WR","","","WEEK 9","","","","","","","","","","","","","","","","","","","","","","","","","","","","","","","","","","","","","","","","","","","","","","","","","","","","","","","","","","","","","",""
"1456","KINGS","TE","H. HENRY","9.1","WEEK 9","","","","","","","","","","","","","","","","","","","","","","","","","","","","","","","","","","","","","","","","","","","","","","","","","","","","","","","","","","","","","",""
"1456","KINGS","FLEX","K. SHAKIR","12","WEEK 9","","","","","","","","","","","","","","","","","","","","","","","","","","","","","","","","","","","","","","","","","","","","","","","","","","","","","","","","","","","","","",""
"1456","KINGS","D/ST","SF D/ST","12.32","WEEK 9","","","","","","","","","","","","","","","","","","","","","","","","","","","","","","","","","","","","","","","","","","","","","","","","","","","","","","","","","","","","","",""
"1456","KINGS","K","H. BUTKER","8","WEEK 9","","","","","","","","","","","","","","","","","","","","","","","","","","","","","","","","","","","","","","","","","","","","","","","","","","","","","","","","","","","","","",""
"1456","KINGS","HC","IND HC","3","WEEK 9","","","","","","","","","","","","","","","","","","","","","","","","","","","","","","","","","","","","","","","","","","","","","","","","","","","","","","","","","","","","","",""
"1456","KINGS","QB","J. MCCARTHY","15.22","WEEK 10","","","","","","","","","","","","","","","","","","","","","","","","","","","","","","","","","","","","","","","","","","","","","","","","","","","","","","","","","","","","","",""
"1456","KINGS","RB","C. MCCAFFREY","18.8","WEEK 10","","","","","","","","","","","","","","","","","","","","","","","","","","","","","","","","","","","","","","","","","","","","","","","","","","","","","","","","","","","","","",""
"1456","KINGS","RB","K. GAINWELL","5.45","WEEK 10","","","","","","","","","","","","","","","","","","","","","","","","","","","","","","","","","","","","","","","","","","","","","","","","","","","","","","","","","","","","","",""
"1456","KINGS","RB","","","WEEK 10","","","","","","","","","","","","","","","","","","","","","","","","","","","","","","","","","","","","","","","","","","","","","","","","","","","","","","","","","","","","","",""
"1456","KINGS","WR","L. MCCONKEY","21.7","WEEK 10","","","","","","","","","","","","","","","","","","","","","","","","","","","","","","","","","","","","","","","","","","","","","","","","","","","","","","","","","","","","","",""
"1456","KINGS","WR","D. MOORE","0","WEEK 10","","","","","","","","","","","","","","","","","","","","","","","","","","","","","","","","","","","","","","","","","","","","","","","","","","","","","","","","","","","","","",""
"1456","KINGS","WR","J. ADDISON","6.5","WEEK 10","","","","","","","","","","","","","","","","","","","","","","","","","","","","","","","","","","","","","","","","","","","","","","","","","","","","","","","","","","","","","",""
"1456","KINGS","WR","","","WEEK 10","","","","","","","","","","","","","","","","","","","","","","","","","","","","","","","","","","","","","","","","","","","","","","","","","","","","","","","","","","","","","",""
"1456","KINGS","TE","H. HENRY","1.9","WEEK 10","","","","","","","","","","","","","","","","","","","","","","","","","","","","","","","","","","","","","","","","","","","","","","","","","","","","","","","","","","","","","",""
"1456","KINGS","FLEX","K. SHAKIR","13.15","WEEK 10","","","","","","","","","","","","","","","","","","","","","","","","","","","","","","","","","","","","","","","","","","","","","","","","","","","","","","","","","","","","","",""
"1456","KINGS","D/ST","SF D/ST","-4.04","WEEK 10","","","","","","","","","","","","","","","","","","","","","","","","","","","","","","","","","","","","","","","","","","","","","","","","","","","","","","","","","","","","","",""
"1456","KINGS","K","J. MYERS","15","WEEK 10","","","","","","","","","","","","","","","","","","","","","","","","","","","","","","","","","","","","","","","","","","","","","","","","","","","","","","","","","","","","","",""
"1456","KINGS","HC","IND HC","12.3","WEEK 10","","","","","","","","","","","","","","","","","","","","","","","","","","","","","","","","","","","","","","","","","","","","","","","","","","","","","","","","","","","","","",""
"1456","KINGS","QB","P. MAHOMES","20.08","WEEK 12","","","","","","","","","","","","","","","","","","","","","","","","","","","","","","","","","","","","","","","","","","","","","","","","","","","","","","","","","","","","","",""
"1456","KINGS","RB","C. MCCAFFREY","29.6","WEEK 12","","","","","","","","","","","","","","","","","","","","","","","","","","","","","","","","","","","","","","","","","","","","","","","","","","","","","","","","","","","","","",""
"1456","KINGS","RB","K. GAINWELL","20.1","WEEK 12","","","","","","","","","","","","","","","","","","","","","","","","","","","","","","","","","","","","","","","","","","","","","","","","","","","","","","","","","","","","","",""
"1456","KINGS","RB","","","WEEK 12","","","","","","","","","","","","","","","","","","","","","","","","","","","","","","","","","","","","","","","","","","","","","","","","","","","","","","","","","","","","","",""
"1456","KINGS","WR","D. MOORE","23.4","WEEK 12","","","","","","","","","","","","","","","","","","","","","","","","","","","","","","","","","","","","","","","","","","","","","","","","","","","","","","","","","","","","","",""
"1456","KINGS","WR","J. ADDISON","0","WEEK 12","","","","","","","","","","","","","","","","","","","","","","","","","","","","","","","","","","","","","","","","","","","","","","","","","","","","","","","","","","","","","",""
"1456","KINGS","WR","T. TUCKER","5.8","WEEK 12","","","","","","","","","","","","","","","","","","","","","","","","","","","","","","","","","","","","","","","","","","","","","","","","","","","","","","","","","","","","","",""
"1456","KINGS","WR","","","WEEK 12","","","","","","","","","","","","","","","","","","","","","","","","","","","","","","","","","","","","","","","","","","","","","","","","","","","","","","","","","","","","","",""
"1456","KINGS","TE","H. HENRY","25.5","WEEK 12","","","","","","","","","","","","","","","","","","","","","","","","","","","","","","","","","","","","","","","","","","","","","","","","","","","","","","","","","","","","","",""
"1456","KINGS","FLEX","K. SHAKIR","18.75","WEEK 12","","","","","","","","","","","","","","","","","","","","","","","","","","","","","","","","","","","","","","","","","","","","","","","","","","","","","","","","","","","","","",""
"1456","KINGS","D/ST","SF D/ST","21","WEEK 12","","","","","","","","","","","","","","","","","","","","","","","","","","","","","","","","","","","","","","","","","","","","","","","","","","","","","","","","","","","","","",""
"1456","KINGS","K","J. MYERS","13","WEEK 12","","","","","","","","","","","","","","","","","","","","","","","","","","","","","","","","","","","","","","","","","","","","","","","","","","","","","","","","","","","","","",""
"1456","KINGS","HC","IND HC","4","WEEK 12","","","","","","","","","","","","","","","","","","","","","","","","","","","","","","","","","","","","","","","","","","","","","","","","","","","","","","","","","","","","","",""
"1456","KINGS","QB","P. MAHOMES","40.14","WEEK 13","","","","","","","","","","","","","","","","","","","","","","","","","","","","","","","","","","","","","","","","","","","","","","","","","","","","","","","","","","","","","",""
"1456","KINGS","RB","C. MCCAFFREY","19.2","WEEK 13","","","","","","","","","","","","","","","","","","","","","","","","","","","","","","","","","","","","","","","","","","","","","","","","","","","","","","","","","","","","","",""
"1456","KINGS","RB","K. GAINWELL","8.3","WEEK 13","","","","","","","","","","","","","","","","","","","","","","","","","","","","","","","","","","","","","","","","","","","","","","","","","","","","","","","","","","","","","",""
"1456","KINGS","RB","","","WEEK 13","","","","","","","","","","","","","","","","","","","","","","","","","","","","","","","","","","","","","","","","","","","","","","","","","","","","","","","","","","","","","",""
"1456","KINGS","WR","D. MOORE","4.8","WEEK 13","","","","","","","","","","","","","","","","","","","","","","","","","","","","","","","","","","","","","","","","","","","","","","","","","","","","","","","","","","","","","",""
"1456","KINGS","WR","J. ADDISON","8.6","WEEK 13","","","","","","","","","","","","","","","","","","","","","","","","","","","","","","","","","","","","","","","","","","","","","","","","","","","","","","","","","","","","","",""
"1456","KINGS","WR","T. TUCKER","5","WEEK 13","","","","","","","","","","","","","","","","","","","","","","","","","","","","","","","","","","","","","","","","","","","","","","","","","","","","","","","","","","","","","",""
"1456","KINGS","WR","","","WEEK 13","","","","","","","","","","","","","","","","","","","","","","","","","","","","","","","","","","","","","","","","","","","","","","","","","","","","","","","","","","","","","",""
"1456","KINGS","TE","H. HENRY","11.3","WEEK 13","","","","","","","","","","","","","","","","","","","","","","","","","","","","","","","","","","","","","","","","","","","","","","","","","","","","","","","","","","","","","",""
"1456","KINGS","FLEX","K. SHAKIR","1.5","WEEK 13","","","","","","","","","","","","","","","","","","","","","","","","","","","","","","","","","","","","","","","","","","","","","","","","","","","","","","","","","","","","","",""
"1456","KINGS","D/ST","SF D/ST","21.72","WEEK 13","","","","","","","","","","","","","","","","","","","","","","","","","","","","","","","","","","","","","","","","","","","","","","","","","","","","","","","","","","","","","",""
"1456","KINGS","K","J. MYERS","21","WEEK 13","","","","","","","","","","","","","","","","","","","","","","","","","","","","","","","","","","","","","","","","","","","","","","","","","","","","","","","","","","","","","",""
"1456","KINGS","HC","IND HC","2.8","WEEK 13","","","","","","","","","","","","","","","","","","","","","","","","","","","","","","","","","","","","","","","","","","","","","","","","","","","","","","","","","","","","","",""
"1456","KINGS","QB","P. MAHOMES","3.6","WEEK 14","","","","","","","","","","","","","","","","","","","","","","","","","","","","","","","","","","","","","","","","","","","","","","","","","","","","","","","","","","","","","",""
"1456","KINGS","RB","N. CHUBB","0.4","WEEK 14","","","","","","","","","","","","","","","","","","","","","","","","","","","","","","","","","","","","","","","","","","","","","","","","","","","","","","","","","","","","","",""
"1456","KINGS","RB","K. GAINWELL","20.05","WEEK 14","","","","","","","","","","","","","","","","","","","","","","","","","","","","","","","","","","","","","","","","","","","","","","","","","","","","","","","","","","","","","",""
"1456","KINGS","RB","","","WEEK 14","","","","","","","","","","","","","","","","","","","","","","","","","","","","","","","","","","","","","","","","","","","","","","","","","","","","","","","","","","","","","",""
"1456","KINGS","WR","L. MCCONKEY","2.2","WEEK 14","","","","","","","","","","","","","","","","","","","","","","","","","","","","","","","","","","","","","","","","","","","","","","","","","","","","","","","","","","","","","",""
"1456","KINGS","WR","D. MOORE","0.6","WEEK 14","","","","","","","","","","","","","","","","","","","","","","","","","","","","","","","","","","","","","","","","","","","","","","","","","","","","","","","","","","","","","",""
"1456","KINGS","WR","J. ADDISON","10.2","WEEK 14","","","","","","","","","","","","","","","","","","","","","","","","","","","","","","","","","","","","","","","","","","","","","","","","","","","","","","","","","","","","","",""
"1456","KINGS","WR","","","WEEK 14","","","","","","","","","","","","","","","","","","","","","","","","","","","","","","","","","","","","","","","","","","","","","","","","","","","","","","","","","","","","","",""
"1456","KINGS","TE","H. HENRY","0","WEEK 14","","","","","","","","","","","","","","","","","","","","","","","","","","","","","","","","","","","","","","","","","","","","","","","","","","","","","","","","","","","","","",""
"1456","KINGS","FLEX","K. SHAKIR","10.05","WEEK 14","","","","","","","","","","","","","","","","","","","","","","","","","","","","","","","","","","","","","","","","","","","","","","","","","","","","","","","","","","","","","",""
"1456","KINGS","D/ST","PHI D/ST","37.27","WEEK 14","","","","","","","","","","","","","","","","","","","","","","","","","","","","","","","","","","","","","","","","","","","","","","","","","","","","","","","","","","","","","",""
"1456","KINGS","K","J. MYERS","14","WEEK 14","","","","","","","","","","","","","","","","","","","","","","","","","","","","","","","","","","","","","","","","","","","","","","","","","","","","","","","","","","","","","",""
"1456","KINGS","HC","IND HC","-0.3","WEEK 14","","","","","","","","","","","","","","","","","","","","","","","","","","","","","","","","","","","","","","","","","","","","","","","","","","","","","","","","","","","","","",""